Unnamed: 0,D,S,variance,lengthscale,variance_m,variancve_p,D_95_l,S_95_l,variance_95_l,lengthscale_95_l,variance_m_95_l,variancve_p_95_l,D_95_u,S_95_u,variance_95_u,lengthscale_95_u,variance_m_95_u,variancve_p_95_u,gene_id,tr_id
0,0.0009641726673807806,11.050006564450662,0.09940122726047793,82.4638263433125,1214.7153576081253,0.029821993300985176,2.456695898442319e-05,2.4156005524791877,0.027678082880161558,,7.808231597405191e-06,0.017574221239835097,0.03784061890255143,50.547531523407656,0.35698296098286364,,188971520836.9819,0.05060544489039046,FBgn0000071,FBtr0081619
1,0.0022686397577006807,2.3030740098239173,0.0886780250360233,83.05527717721363,29.91127512329657,0.02963282057548498,,1.3340452762274242,0.029089431905237276,,1.8091612789646707,0.017256572481780717,,3.9759894129876447,0.27033158123908824,,494.52991831305474,0.05088519497055268,FBgn0000071,FBtr0081620
2,0.09987777815798674,0.2586677679687122,17.71586350378349,24.67711665961409,10.195033713448137,0.6710734017707272,0.03739792734581498,0.10237919942745564,0.092850478029529,,1.6801601755581808,0.36323067250223706,0.2667412682401591,0.6535410958485397,3380.185286551506,,61.862383081311684,1.23981685649458,FBgn0000117,FBtr0332583
3,0.10835465759229676,0.30216873048882564,1.9415412208495133,30.582725135479105,0.7547145406881894,0.12628175203085384,0.0512604973644596,0.06339409685024193,0.3814324990822431,,0.4207933070310245,0.0740254735654776,0.2290405365844941,1.4402909138515494,9.882698305277431,,1.3536195286589705,0.21542693518706665,FBgn0000163,FBtr0343764
4,0.007403276721684786,0.11662805355614735,126.5905243557227,34.364903351650646,113.05470970957458,1.731023205691935,,0.10602109003823414,7.68664025584635e-05,0.0006320313526726189,0.3791446039682125,0.7794937282795801,,0.12829619909954035,208480692.7769036,1868493.671041031,33711.062359172516,3.844086526850482,FBgn0000180,FBtr0079929
5,0.007403860897906209,0.11663048652388275,126.58952936586414,34.364806728412965,113.05447636510107,1.7310122827583032,,0.10602327393022026,7.687438253742758e-05,0.0006319446327737753,0.3790875982452629,0.7794811907178218,,0.12829890912206945,208455774.42223987,1868739.5702653788,33715.992518219784,3.84409984325694,FBgn0000180,FBtr0329984
6,0.02462950102814319,0.325200181606479,2.409800497716481,27.47415511530973,18.464422194227073,0.07771007357689542,,0.26780456268178143,0.4694048759545157,0.0002572481718911472,1.3702216985880695,0.044087599659541024,,0.3948967749386347,12.371278476786209,2934245.144488338,248.8173171669796,0.13697401496022768,FBgn0000395,FBtr0071610
7,0.03130012610011992,0.4303838878924578,0.487994615789654,38.92328886443825,2.476539575516541,0.02694736023302857,,0.3564369695907616,0.17015283057949634,8.170963159838478e-09,1.0682938374599404,0.015931423579010822,,0.5196719385480619,1.3995579399334896,185415401634.78732,5.741162266443979,0.04558037264700588,FBgn0000439,FBtr0081621
8,0.04935743468184231,0.6948164930141885,1.0823818176184872,28.052769588352426,35.14485909466395,0.17930767692893387,0.02743200969574815,,0.298518200836496,,0.9106092075039122,0.1049235985297684,0.08880706828963847,,3.9245526598653866,,1356.4118511051588,0.3064252795001987,FBgn0000489,FBtr0075529
9,0.04706575241529674,2.6338878114774342,0.07781104361887027,12.069015350172837,3.2603125231774164,0.0013057619784035525,0.04183028612320696,,0.03647898096853314,,1.2603649099597187,0.0007400106615065259,0.052956488126650714,,0.16597389368635085,,8.433777920020967,0.002304040242843613,FBgn0000490,FBtr0077775
10,0.03507837810065982,0.3261762085072232,3.120044489779418,38.99135739564269,7.003968893214267,0.1621964805635366,,0.2487831766935068,0.289524824209174,0.21601181990910426,2.494774881041148,0.06268641600632538,,0.4276451503279012,33.62294630449327,7038.160931167929,19.66332939693568,0.4196714373420733,FBgn0000542,FBtr0070606
11,0.03798879452122041,0.8994117027631776,3.1117585292133314,38.396966762786995,41.58080035315845,0.12318846354792615,0.029630149845362774,,0.26637270185942674,0.03659398412264954,1.1218579617755846,0.07105976221093031,0.04870540705015584,,36.35147699647527,40288.78221188401,1541.1603045297836,0.21355823716736935,FBgn0000542,FBtr0112802
12,0.009078920391603826,0.264006937368243,7.565153585963457,26.530424159441967,91.4902906649852,0.40458222086725415,,0.21918774583700384,0.3389346487668077,0.056724951636788076,0.3226043062827142,0.221904899718676,,0.31799069200880714,168.85717936318736,12408.356213095869,25946.56401960121,0.7376437998863322,FBgn0000723,FBtr0082051
13,0.08595772432062987,0.2050557947811322,7.65529222735585,26.696496065103336,2.689828317084173,0.3930189430653114,,0.1327617314424612,0.2244257344545416,0.008415029141256277,1.137122608749492,0.22270413238025694,,0.31671686197874965,261.12646675145567,84694.0503937077,6.36270558664249,0.6935834012475107,FBgn0000723,FBtr0082052
15,0.0024536566659692184,0.7649922021694859,0.4370330277246929,45.965914521152655,22.46960563030382,0.06283607388018997,,0.6094261712418958,0.1591250424570454,3.3035942129354685e-06,2.6401088287729264,0.030195129429523,,0.9602690153387502,1.2003004955915133,639565625.0676403,191.2357444052946,0.13076188959190913,FBgn0001123,FBtr0072142
16,0.11850089094255165,1.7208710567656749,8.647321781587907,50.50013976604968,62.81409252098814,0.3405586402161321,0.09946398278925067,,0.17788155839569744,,0.3801642092199017,0.20079755893865656,0.14118136797248906,,420.37058067585116,,10378.69984481618,0.5775975964991324,FBgn0001235,FBtr0100455
17,0.018621719301597246,0.4235880860957244,8.206327187408968,53.22925236018926,53.77911227389789,0.3579700799629094,,0.3490503341564876,0.2439221921378341,8.249280745391892e-12,0.6436853899685284,0.2063778148827376,,0.514042959207704,276.0872445289986,343466708707598.06,4493.177819539948,0.6209125637920987,FBgn0001235,FBtr0344145
19,0.04764179032660558,0.5398305022399724,2.633064864818876,23.763572625612262,12.181804732443618,0.18739806787533148,0.031721575559644666,0.17471209670445567,0.3972307451930733,0.09489605250627817,1.9051973735170868,0.1046368639146213,0.07155193730073584,1.6679839384082489,17.453408796375662,5950.799522407833,77.89028507080025,0.33561819926161,FBgn0001320,FBtr0078283
20,0.14174516189150427,3.2689901091629565,2.624810701286172,24.74768895483855,49.28826627061944,0.2399310201511045,0.12414619236823105,,0.01834815431810037,0.0009274395224649355,0.8367601577566992,0.1427796242796197,0.1618389620847543,,375.49451013663077,660364.4698876772,2903.2610712206592,0.4031870424172755,FBgn0001320,FBtr0344836
21,0.06509526225908781,0.3028561876993368,2.516388781363497,29.77074722012925,3.3760228959040464,0.1836633551120827,,0.208205376293412,0.4318122874834861,,1.2336901299699825,0.10753115514912784,,0.4405355522545081,14.664271218114031,,9.238568354231434,0.3136972532680971,FBgn0001323,FBtr0346815
22,0.0369350470936306,0.7676096938981956,22.453789029657205,41.16598587875969,107.11034683174469,2.8613259299810183,0.027126663409770185,,0.014432338914353006,0.18581003106195065,0.3956660748919033,1.1587123967350597,0.05028991893331666,,34933.5367455204,9120.273989972236,28995.72929407957,7.065762048158832,FBgn0001325,FBtr0072449
23,0.008995226896195852,0.08648357142523258,27.387918880616976,61.81788144873122,29.937746964603363,0.8121610237957969,,0.07374513845628704,0.029428296222723957,0.001894053688585821,1.2522966343132038,0.4456253660972928,,0.10142238909615413,25489.008773536967,2017604.08896468,715.6999937224601,1.4801794932585288,FBgn0002543,FBtr0077941
24,0.008995094594233144,0.08648315622305118,27.38918409963632,61.81764960549774,29.937803344539798,0.8121382786440856,,0.07374482566031025,0.02941951226604772,0.0018940751450215688,1.2523121117680056,0.4456185383508948,,0.10142184544245364,25498.97492724648,2017566.0996304231,715.6938439499619,1.4801192654144304,FBgn0002543,FBtr0329985
25,0.07864156119620869,2.222665264073982,0.7724018208734452,18.349176093772147,93.86444637040363,0.052193001486554716,0.06302175377495359,,0.2338945083159061,,0.3731708124539361,0.029277109867714757,0.09813270461278258,,2.5507421152565875,,23609.923387322648,0.0930457076017434,FBgn0002590,FBtr0345132
26,0.1738304077799688,0.587635135212078,2.5037633375380746,21.556354317836885,1.903621760946094,0.19840327672685848,0.12927493522808206,,0.3822206440520744,,0.8971654399827348,0.11631247955881405,0.23374222246282955,,16.401078664776993,,4.0391388781284805,0.33843195816361066,FBgn0002873,FBtr0308326
27,0.022261121437477164,1.9697260772484655,2.5195637893096654,21.208097156356136,599.8108190875929,0.20709571787552286,0.015435897211224809,,0.4015512275792407,0.011326263295554785,0.00033536138057129865,0.1173642292994648,0.03210422568075548,,15.809195072496069,39711.54239103444,1072792037.2991203,0.3654319260508597,FBgn0002873,FBtr0308329
28,0.14452449107019566,0.9612440964808332,16.71727136667123,40.197266246086286,29.519065172750807,0.6864348359611036,0.11632163363460035,,0.03051232436998998,1.2706211435952537e-32,1.0427138267706253,0.3929496079674524,0.17956529552114225,,9159.156757713034,1.2716774168315388e+35,835.6801130870526,1.1991175826799032,FBgn0002931,FBtr0330637
29,0.0059215717345589254,0.17284083777491827,49.25748863780508,31.186402481081394,65.31701565664173,2.0413645645916385,,0.15296258968068654,0.019346220108956126,0.02450636360606449,0.9011482637281204,0.8392772462692776,,0.19530236291826836,125414.68944521449,39687.312052748464,4734.307001424953,4.965187968688712,FBgn0002945,FBtr0075039
30,0.08372351984219029,3.0423606962589336,3.4606226072995927,52.132457228230855,35.336243757924244,0.4991871581273935,0.06253777607035582,,0.3142188510613823,,0.5744153931621266,0.2989109850338369,0.1120862975184744,,38.11327292968031,,2173.775525139893,0.8336522620976781,FBgn0002985,FBtr0077557
31,0.0633191823809732,0.3908919685862969,258.9442748546494,29.22109834153304,278.2643435587708,11.581963117513284,,0.2707865707568781,7.365728400230284e-09,0.2589038028653011,0.009380078594244964,1.6016290477283617,,0.5642692349114194,9103259560575.69,3298.030306375168,8254839.67092776,83.75339461137739,FBgn0003002,FBtr0078836
32,0.06415860541746594,0.1956147007861522,16.945722249938413,41.960258778547924,8.546257402776044,0.6651459314633723,,0.136627105876126,0.05466071422282905,0.0011753860042564936,1.6241612642158074,0.3752684102649109,,0.2800696898194507,5253.453172994333,1497944.7691113525,44.969989867212774,1.1789404544602171,FBgn0003041,FBtr0076774
33,0.045202937180503236,0.06188315192325315,16.88629348473367,42.071630071552036,2.101090196243006,0.6717740998587682,,0.048651304065935916,0.05987186787810742,0.004529087577053855,0.9877455311553908,0.3767734513719188,,0.07871370697004072,4762.619202612598,390812.0624218336,4.469349517162207,1.1977501057939262,FBgn0003041,FBtr0306647
34,0.05533137579159272,0.4331098949833792,1.543015761816838,12.278666729230634,2.1977471485728763,0.04417155004250108,0.036462749980137016,0.2692839743052177,0.5160270626962447,,1.0148635767803265,0.02456588812082705,0.08396407700072622,0.6966035822090848,4.613900729886127,,4.759351541991257,0.07942419274892834,FBgn0003254,FBtr0086512
35,0.05533137579159272,0.4331098949833792,1.543015761816838,12.278666729230634,2.1977471485728763,0.04417155004250108,0.036462749980137016,0.2692839743052177,0.5160270626962447,,1.0148635767803265,0.02456588812082705,0.08396407700072622,0.6966035822090848,4.613900729886127,,4.759351541991257,0.07942419274892834,FBgn0003254,FBtr0330058
36,0.1832147051837113,1.0941796642488182,1.4467599191658709,28.05622917455352,2.9472442199231144,0.035361186158073,0.15461471804135712,,0.3055702450714611,0.006651524283848464,1.2202612798786092,0.020596305200238044,0.2171049989340304,,6.849862830117303,118341.59538535654,7.118351319591416,0.06071057281144979,FBgn0003261,FBtr0078654
37,0.008156319917388752,0.5052943460139293,0.6956509165475395,36.14786015422147,23.10159607292062,0.044686740541752944,,0.4120080915763839,0.2413517972376535,,1.949319456097568,0.02348427454367776,,0.6197023343322111,2.00508222118983,,273.7795179989573,0.08503157193687022,FBgn0003308,FBtr0082704
38,0.015871750824695868,0.7946735894349273,9.404019876297133,40.86432936912436,735.5793720243886,0.4201592024202132,,0.5809316785721221,0.16882614663400278,0.01850521994199934,4.1261747028802664e-05,0.2414017041955125,,1.0870574579399368,523.8263835133937,90239.04714573533,13113284131.42799,0.7312862846875929,FBgn0003326,FBtr0087855
39,0.012218162906878448,0.5329783212879629,9.427937352552503,40.44072508729983,210.64847510281655,0.4267949922998099,,0.4387709589189684,0.18233237849896847,0.11562206317586705,0.06159596719699938,0.2369020477309048,,0.6474126994703764,487.4943411334788,14144.81112570146,720384.5005181365,0.7688999195950478,FBgn0003326,FBtr0087856
40,0.030847684745538343,0.9491783721713072,6.668797579887623,12.27868255097169,101.09170782005155,0.30507941412739936,0.021080048358683733,0.02492742061625849,0.4345329367416137,0.22367249990030805,0.3671033021027788,0.1648684937446995,0.04514124626133149,36.142511335896074,102.34635260332384,674.0481966032204,27838.304181512056,0.5645314444883714,FBgn0003463,FBtr0074063
41,0.011321671481825085,0.050409844735681116,5.49716509087995,18.6852678044602,7.908378516674332,0.29700410663283017,,0.03965292746710463,0.4810940994845792,0.06552313401438006,1.6598812315611924,0.1617236642259098,,0.0640848635547419,62.81270975629119,5328.487993992668,37.67887097811939,0.5454454657516544,FBgn0003463,FBtr0340346
42,0.09842318902992224,1.1998746610725342,0.5711668663793371,24.554872822546848,4.923858469504376,0.032274735905367787,0.08026836022918976,,0.17386859940844607,0.00480957749553974,1.4847052171341977,0.019071795981859808,0.1206842161863058,,1.8763111358780755,125362.7329823878,16.32942482313552,0.054617749621064166,FBgn0003716,FBtr0079089
43,0.000925369523100875,0.09678311894783614,4.550858324807616,39.13769795311357,4.317977845308878,0.2859093720848513,,0.08242702408218269,0.4669103640991995,5.8213084725802556e-06,2.1570573541769047,,,0.11363957655358023,44.35607578004133,263129742.78619665,8.643688883132588,,FBgn0003731,FBtr0071653
44,0.0817100787768634,2.3662622070598944,5.256660877432282,34.0606807134546,64.96393133794912,0.5752389736967749,0.06638317966401776,,0.08443728352886644,0.1393199234912304,0.9147231787830872,0.3290533215443137,0.10057573330341936,,327.25453052833524,8327.09307895165,4613.759083372425,1.0056117206376731,FBgn0003731,FBtr0071654
45,0.10417000859444736,0.7111168449530033,27.568466155400834,39.81892863799346,40.719305690123704,0.7400082147342634,,0.3641880281967034,0.00867450256537608,0.008191177292499945,0.7522928190724849,0.4130200535870259,,1.3885331972054409,87615.43620899614,193567.66692492226,2204.011275729036,1.325873049306567,FBgn0003866,FBtr0085906
46,0.02906076424011712,0.14961062391279067,85.59444900172292,26.689754553077478,92.05586443064828,3.2403933029104564,,0.12481142127300715,0.0009562460285808511,0.005440952380413051,0.2535936012105841,1.2006600132651493,,0.17933726384394047,7661636.7346189665,130922.48347327796,33416.78234632131,8.745313945279298,FBgn0003892,FBtr0089427
47,0.0552100173015703,0.4328064837650897,2.1521745607744776,41.79609182233429,9.372984420545544,0.09981064240504592,,0.3065310792969533,0.3415562687458248,0.004374274855695024,1.5146137030990037,0.05898454822721624,,0.6111010107644985,13.561031560195707,399360.6595951855,58.00346105943483,0.1688944755316661,FBgn0003896,FBtr0342921
48,0.0004037826501036054,20.101919727594236,0.0004780747859492335,63.2496095765999,315.30061673572004,0.0006024907430985307,6.9452579015777145e-06,2.0752341992590404,4.787670601696968e-05,0.004462745591965274,0.28270428072202264,0.0002193498282110565,0.02347507188864126,194.71883071265947,0.0047738351272411045,896424.1920477926,351655.3716838751,0.001654868382983866,FBgn0003900,FBtr0100130
49,0.2336619899284093,0.3997655307327676,2.503237301538209,22.79904124478192,1.1916142777684209,0.12043993134985286,0.1437943963906845,,0.43068319076667627,0.0021657722598822605,0.6594536518338362,0.06785989562453752,0.3796943894041833,,14.549434763538336,240005.0509971557,2.1532136231756605,0.21376067454946254,FBgn0004102,FBtr0331305
50,0.04991204302296765,0.1870787770684336,4.438045091198977,48.759620273374,3.936521762560041,0.1765142392902543,,0.13887019683207988,0.2923653586810769,0.002353238290879068,1.385211723169893,0.10271604180807296,,0.2520228935207776,67.36859770380914,1010310.1663858668,11.186884523073184,0.3033340861248837,FBgn0004362,FBtr0345487
51,0.060570611652279976,0.2504077421581234,1.7871834841226428,28.444448037443067,1.6086923893541938,0.17013349502778768,,0.17731166659498665,0.4280525650631517,,0.8093124445172936,0.0981316115784712,,0.3536374032057185,7.4617583600965585,,3.197641678560408,0.2949651561283489,FBgn0004368,FBtr0301796
52,0.05641908387468542,3.5364791814550327,0.08200309159857445,19.52246866308421,15.585104899214953,0.010230497943954168,0.04598886013810531,,0.02827136468514464,,1.5999726972269075,0.006107167541563549,0.06921487107312177,,0.2378557634770856,,151.8122747597652,0.017137746339681192,FBgn0004394,FBtr0080393
53,0.0113864701105803,0.276794172855419,1.7257271291193317,41.073096678396986,34.84121837902485,0.08939727091851321,,0.21734825951666212,0.3804367340199677,,1.0991245498668474,0.050958719350649856,,0.3524988619512833,7.828198115122446,,1104.4339772794244,0.15683031578336026,FBgn0004456,FBtr0340190
54,0.0033225212750285144,1.6159589045805218,1.5449863347016688,33.90727479882074,759.182821897548,0.20207489048395336,,1.1741123155544275,0.3855193579761773,0.05757277646104185,9.26474866942119e-05,0.1155468495035142,,2.2240829490490333,6.191602898867657,19969.564696271358,6220984266.595672,0.35340004110505696,FBgn0004512,FBtr0087801
55,0.021236324719825287,2.03800949216432,0.015780133509939058,18.512310622704295,7.655295729651795,0.0006020217789915023,0.013234710592961158,,0.007090263697630837,0.06555286973288547,1.7071052522629144,0.0003370895864151851,0.034075659187116324,,0.03512036000504572,5227.92741168992,34.32919711935802,0.0010751747813819929,FBgn0004595,FBtr0304605
56,0.07015890348807398,0.5504943088076883,6.990119691759948,41.05069717017729,12.705351171741993,0.4372665494396747,0.053427079325331146,,0.17208029102266015,0.020458004339530995,1.7254109189080555,0.2509707785996629,0.09213065360874227,,283.94752830058786,82371.65806546282,93.55797313456543,0.7618497911419249,FBgn0004635,FBtr0072694
57,0.07178004432076589,0.4721172244900478,1.1719276482840923,37.39909753348454,6.928571120110374,0.039234421843988565,0.02764468804965706,0.1718489386643103,0.2927186470335565,,1.5534886344347536,0.02278221595742564,0.18637847363067034,1.2970384070604508,4.6919266221370535,,30.901479870751977,0.0675676088888234,FBgn0004646,FBtr0071037
58,0.013895419909886946,1.4862404527626585,6.697569525841978,22.218397020171906,1485.2473190495505,0.2935622774859257,,0.9421658028166792,0.4062897511629678,,1.94976545602028e-06,0.1499434100553077,,2.344503140343704,110.40750455822912,,1131397415998.19,0.5747422359604598,FBgn0004795,FBtr0340030
60,0.00709977025528798,0.3847079539226388,19.54605420753111,43.36240087914412,162.82128087116726,0.9273294587088208,,0.32644808725426977,0.1059702679583536,5.473699976737559e-15,0.11103119021247453,0.492313718275666,,0.4533652228020748,3605.239870053833,3.435149566097146e+17,238768.66900008253,1.7467315922073898,FBgn0004859,FBtr0089178
61,0.04614594554210258,1.1907225423042889,0.7825384189803121,31.07719039157372,19.391153029298593,0.06805935065002316,0.03559079977699789,,0.20769612758512132,,1.6667156868191133,0.0397746339927318,0.05983142563014125,,2.948376478175966,,225.60345401398067,0.11645802225984656,FBgn0004861,FBtr0070432
62,0.03861121369614786,0.9398279252861516,0.7750884932503367,31.098831205939398,17.56364503669586,0.06762372918994823,0.02554258375386053,,0.22327459676294129,,1.7260747558120413,0.039165446410617366,0.05836628891798274,,2.6906875259388703,,178.7185786341706,0.11676028664684815,FBgn0004861,FBtr0301515
63,0.06699934821632045,1.1289343089547377,1.8450056201462717,25.544901118117682,11.784369337800445,0.42893736274931454,0.048793367235251316,,0.3765588369510681,,1.8887906001044317,0.24610712333802776,0.09199841937058807,,9.039877448988578,,73.52395796654913,0.7475901496342746,FBgn0004956,FBtr0112847
64,0.02695225260295109,0.05007535038292976,4.630258798259742,18.40499077861983,0.6605455107913396,0.11099188770341116,,0.041686057035757784,0.6786136919483937,,0.379141234720649,0.05928079166409414,,0.060152983857941884,31.592785104742827,,1.1508122353087558,0.20781097536233245,FBgn0005636,FBtr0072267
65,0.02695225260295109,0.05007535038292976,4.630258798259742,18.40499077861983,0.6605455107913396,0.11099188770341116,,0.041686057035757784,0.6786136919483937,,0.379141234720649,0.05928079166409414,,0.060152983857941884,31.592785104742827,,1.1508122353087558,0.20781097536233245,FBgn0005636,FBtr0330612
66,0.08406140237985485,0.17703219415274027,36.67809431538541,28.244720264963828,8.712454110573438,1.7115141214390714,,0.12431148919577313,0.005413511907631439,0.11178459716510963,1.716741118101223,0.8122544379058809,,0.2521118359154784,248504.59841269767,7136.6202775480215,44.21566876245364,3.6063583665205945,FBgn0005672,FBtr0081270
67,0.03999121108954737,0.2365852162659275,3.3234380127382463,28.71800476688972,4.2243350437121725,0.08787426699570637,,0.1898176725501866,0.4198018559649985,0.007540845437609195,1.4888109171627892,0.048814505444338775,,0.2948754128296293,26.310603603988,109367.55097483828,11.986079868047824,0.1581883649080016,FBgn0008636,FBtr0071556
68,0.06900222812257313,0.8640725409375074,13.130605799362069,24.073963041082116,89.78809889768023,0.5634165222655595,,0.34651178687602097,0.06345708279957887,0.17210245045198658,0.23527377395896035,0.3176295990022332,,2.1546780925791,2716.998655654952,3367.5040360048383,34266.049156273046,0.9993973438211778,FBgn0010105,FBtr0075579
70,0.003505595093978323,0.7351905551655913,4.3340337690496735,58.99200317144763,134.37433677541526,0.34948983137595546,,0.5747190852607631,0.3715289791695776,,0.4679994342825532,0.18469843997988644,,0.940468424081394,50.55823304348317,,38582.23121896165,0.6613111743038821,FBgn0010228,FBtr0071673
71,0.0022549393333174826,0.6218707948680285,4.3918225700121605,59.29503832110606,46.695161784121474,0.3850264415849327,,0.4976822028786878,0.2983565701052249,0.0004918242212273013,2.9848798362475626,0.15623675089769262,,0.7770486532829849,64.64783222191372,7148695.443928792,730.4944432156485,0.9488507656987184,FBgn0010228,FBtr0071674
72,0.02977144252280455,0.35697744193851216,4.4114985648515,58.62343745182761,15.863228360103413,0.33080683508983355,,0.2702029456720282,0.309926727198615,9.693351620381608e-07,1.560034666124752,0.19373072675107866,,0.4716191888138838,62.79329234879169,3545427374.6164274,161.30539882801943,0.5648725113325009,FBgn0010228,FBtr0342960
73,0.4500801519769276,1.6192587558943077,24.46899455438496,9.836210351375316,5.292378848464757,0.5815123530682418,0.3425643569336012,,2.872529411677364e-37,0.16784613416191824,1.3792323411446108,0.3047057032479156,0.5913403980987973,,2.0843361675203933e+39,576.4269434002508,20.307872024254127,1.1097810548555156,FBgn0010280,FBtr0114589
74,0.010587988052523051,0.05579537575438,3.6800168707898258,24.942183843494053,2.958724407987633,0.1712723635227958,,0.045971186923211296,0.4639149601217765,0.0951184967854274,1.2196785682009854,0.095934652539389,,0.06771902497911382,29.191824651963934,6540.394937969272,7.177341924876088,0.3057729582607351,FBgn0010300,FBtr0081160
75,0.08632551576691118,6.599782586338932,0.8727665675150741,26.942324297211968,159.22578243861358,0.045194618649128174,0.07770359825576345,,0.17132040621082467,5.2845768618734875e-06,0.3433211005011708,0.02309737736139671,0.09590411306172028,,4.446180686932763,137359879.04219767,73845.88292470026,0.08843227189308085,FBgn0010382,FBtr0080777
76,0.004778871109217958,3.762015798738832,0.07958819679652088,17.23731920103981,50.7405457798202,0.038578493782818066,,1.61449659595158,0.03545139281516412,1.553115488829921e-05,0.7660842477470452,0.022973107285523483,,8.76605308766165,0.1786750975440459,19130913.018090013,3360.730877322701,0.06478445271044309,FBgn0010452,FBtr0075890
77,0.004778871109217958,3.762015798738832,0.07958819679652088,17.23731920103981,50.7405457798202,0.038578493782818066,,1.61449659595158,0.03545139281516412,1.553115488829921e-05,0.7660842477470452,0.022973107285523483,,8.76605308766165,0.1786750975440459,19130913.018090013,3360.730877322701,0.06478445271044309,FBgn0010452,FBtr0330075
78,0.21883437053509205,0.5762139700603282,3.3007264933584817,19.930152790281532,0.8469627662594985,0.22297037552116847,0.16690701746717934,,0.35750889418986914,6.33482684744577e-05,0.4584202240978437,0.13093728414699654,0.28691712579973905,,30.474193959975906,6270273.833990012,1.5648217284515655,0.3796916110176651,FBgn0010473,FBtr0089268
79,0.021040365697286054,0.06956525513810692,3.453384265479515,17.54296110464024,0.9384673451377796,0.2524984322914403,,0.0578143378224447,0.6132438669276857,0.5097189315020179,0.5616140319969896,0.12530295866107288,,0.08370457752698134,19.447178403608557,603.7748753259759,1.5681961413219698,0.5088104781474853,FBgn0010473,FBtr0301864
80,0.06802070493406166,0.5645950288504231,10.128441075345,45.111620039272545,63.60102901227216,0.849934073088596,,0.28503275958676283,0.12506292221061582,0.00025686451906109466,0.4203000714868309,0.4685433978983857,,1.1183540694226008,820.2696434997258,7922691.191474607,9624.29265622104,1.541773786243035,FBgn0010651,FBtr0086635
81,0.04546255159816708,0.5055897132322495,10.152971964958578,44.56644373892878,93.7397719867474,0.8548286324719704,,0.3151457581151703,0.13707494738463225,0.0003606589706219596,0.2261054667505915,0.4670023767434682,,0.8111197804314135,752.0180870978884,5507052.560234231,38863.035814256364,1.5647286336945168,FBgn0010651,FBtr0345426
82,0.030220287375350863,0.39886484035426334,1.936332785911545,11.545327541182376,4.7194392328831585,0.02525882182809097,,0.3200817332835338,0.5999458496662726,0.5933371819497886,1.5640633614708503,0.013681986926554559,,0.4970391757092386,6.249538453981483,224.65234286373172,14.240539879363364,0.046631244684569376,FBgn0011723,FBtr0332070
83,0.03085429089738188,0.2867885612885561,1.2359631056081846,18.31770332374301,6.093657555934937,0.025424640918996332,,0.23103561441434475,0.3863704836188798,0.6329817009268028,1.7279216375597088,0.013452820853551095,,0.3559956723315175,3.9537305855161415,530.091556462652,21.489783796818628,0.048050321408187865,FBgn0011723,FBtr0332071
84,0.03281829029049697,0.4294198069776081,2.7890456167787607,37.672640387971,21.495553794347533,0.1103234951568178,,0.3358024916938852,0.4024352985790065,0.0015586965107804711,1.2184213146364538,0.06444727358630556,,0.5491363976917271,19.32925734879512,910522.2370009334,379.22747031354714,0.18885629920895028,FBgn0011766,FBtr0084118
85,0.0015695219123545807,0.20538842957170225,45.983489932988654,25.539657461374922,234.3496893267828,1.266774106985484,,0.18052646635942265,0.01407834413891079,0.09956092457680124,0.15404818170710596,0.5192956298230841,,0.23367436283797985,150193.8953582692,6551.5070899246175,356510.38706824475,3.0901793621401605,FBgn0013272,FBtr0071813
86,0.019735339164739928,0.08618945171701196,45.98578780291684,25.59501244639905,15.491602547989267,1.2265022127864127,,0.07586817617591661,0.015466959503416882,0.02052874813745308,1.4655390968115682,0.6223246119501797,,0.09791485655400874,136723.23118113345,31911.57384488224,163.75526932511724,2.417239570930539,FBgn0013272,FBtr0071815
87,0.05605951832451984,0.08579063177135042,46.06192693678961,25.584520112305302,4.454817996137178,1.224556300136576,,0.07073363866456593,0.0050274986908147926,0.0555827587075394,1.4435927885756257,0.6222575321952212,,0.10405279070443828,422019.22737572825,11776.451629921838,13.747230892091718,2.409835244443018,FBgn0013272,FBtr0071816
88,0.0828699656991367,0.10354821128810146,46.04722802126435,25.856884784972912,4.487915144103059,1.215887358379503,,0.07922591062987808,0.004043937502999186,0.02462449413717873,1.3808580052387522,0.6279740946094182,,0.13533744169955533,524327.3930098469,27150.95331740949,14.586135767947495,2.3542086862462,FBgn0013272,FBtr0342985
89,0.0439012813574712,0.05031216833518331,46.01854695619944,25.70095504575274,2.6920138093480523,1.2245551280995215,,0.04224539441394302,0.006995143977933405,0.035558258183091794,1.128397136042188,0.6230187947387889,,0.059919295764755985,302739.5391203331,18576.249906917383,6.422329619817172,2.4068860753768138,FBgn0013272,FBtr0342986
90,0.049474287873790726,0.4631757364362752,3.8941721019739033,31.122527531953626,7.245681948829273,0.16798244118911534,0.03951956899698584,0.01365877406128401,0.3790610258468948,0.00011794289444356158,2.1164513258595257,0.08638536557717855,0.061936534803944926,15.706516694743431,40.00563319827271,8212548.32304217,24.805629244636318,0.3266537145420069,FBgn0013725,FBtr0087516
92,0.009761604263912085,0.15196550228854835,6.400436460353827,39.0487962850284,36.77213810276297,0.3348414993757146,,0.12516379338848127,0.3259019514884305,0.002927460090383601,0.9936862420137399,0.19036280753702248,,0.1845063437325964,125.69911501275837,520863.97225994064,1360.7817875272306,0.5889744491311486,FBgn0013765,FBtr0087704
93,0.19864572333610345,0.17956069416000298,5.8309784870485375,37.17828233739567,0.7470817541892729,0.4083724151766311,0.17257037177530565,,0.353322763234919,11.81970564666682,0.4565270166885888,0.24931325667960136,0.2286610557408,,96.23017154379198,116.94239424218632,1.222558856408798,0.6689095946932034,FBgn0013765,FBtr0309888
95,0.02687247345786053,0.13104243989544176,6.414641656281923,39.01445706340917,5.704022024840389,0.32924698671898744,,0.10626082309445044,0.317177208431946,0.0010056420899632948,1.5125570240384345,0.1900036072575317,,0.16160350121217246,129.73071987716915,1513588.0599509857,21.51050621086369,0.5705343168385346,FBgn0013765,FBtr0309892
96,0.20953453086473453,0.13589445261486138,15.535755946223302,38.637914550569796,1.914419291119804,1.5330176472436137,,0.07193241493401982,0.06634271589686502,,1.0483350460231595,0.8771943311764084,,0.25673129796117616,3638.074045624321,,3.4960208915220097,2.679159022389668,FBgn0014163,FBtr0075413
97,0.043517269871252616,0.023310421185113245,39.760400660968436,39.26090234392037,1.8418700986842484,1.7369923167981218,,0.016739029612180944,0.00781560789094631,0.0001354968893299047,0.90423436366565,0.8597183285771466,,0.032461603116584685,202273.3845888123,11376043.099453313,3.751776748092632,3.5094544437701427,FBgn0014163,FBtr0331176
98,0.18647240520048175,0.5713476139823284,0.6899780241573193,18.09536308335567,0.4115315204578095,0.047817917388795934,0.1336310693609385,,0.24718637791772802,,0.2341769956246197,0.027929531209348685,0.2602086331235841,,1.9259543257617964,,0.7232059318148983,0.08186865745302409,FBgn0015371,FBtr0305217
99,0.010305919549733084,0.13812618261779536,1.450696790943163,28.864105533264595,12.275764611978927,0.12094398853423954,,0.10978718729815726,0.3862146061985429,0.030448548599624512,1.614204318680232,0.06834380947674609,,0.17378022694716386,5.449097847353063,27362.1117114827,93.35521845953258,0.2140274075232409,FBgn0015773,FBtr0073942
100,0.0037577468383310736,0.30639851002990204,1.4519119246123706,28.736231938358113,40.9034570348892,0.1205095004981992,,0.2543735443006477,0.4105768709953132,0.06936353329837602,1.0515398391266562,0.06702118383476884,,0.3690637216486076,5.13435701266198,11904.973503338622,1591.088359328919,0.21668581304276452,FBgn0015773,FBtr0308337
101,0.04142900906319024,0.9053635150653964,4.361039974322255,63.67992008580985,22.806012331127388,0.07830068430283571,,0.6078157211304579,0.21627928805179386,0.0014556285521259561,1.2347420855490558,0.04692699184856504,,1.348571723164821,87.93569568752291,2785828.992027244,421.2330692658409,0.13064969478711258,FBgn0015903,FBtr0072070
102,0.06197286143349862,0.2613679384979937,1.5643830576942546,31.301807404492852,1.7339151427854171,0.07510488595356372,,0.1824975322366802,0.3539835480751173,,0.849534751441983,0.04344275604283202,,0.3743239617404576,6.913582183433835,,3.5389508401833663,0.12984314090331586,FBgn0016059,FBtr0086891
103,0.02691297170818906,0.09863289853370236,8.27062939488419,25.239744521229127,2.6496419686084103,0.4876423680325115,,0.0825749513741695,0.3545691890917941,0.039862350072526656,1.1001060787619417,0.2737918057668741,,0.11781355618457935,192.9194997533008,15981.112562050635,6.381750539649805,0.8685251862608013,FBgn0016977,FBtr0306341
104,0.14100029099042724,0.8321782730086738,8.364712714157116,25.21374333553809,6.618267128348031,0.4782415009905958,0.11265190792123066,,0.07003299428650073,0.056280055247963465,1.5522426600281722,0.2786855119082547,0.17648242649637647,,999.0779275286328,11295.881821533862,28.218178065906987,0.8206918677029492,FBgn0016977,FBtr0330652
105,0.06861874179972384,0.8133512548503966,0.11634122152580785,23.263720229109893,2.3533385010112915,0.014446359565746782,0.022975160151662836,0.16151793370049589,0.046202749152967335,0.0002722878350211699,1.0624799167433967,0.008415615337489385,0.20494010466501086,4.095769730396716,0.2929539924411144,1987605.0608585563,5.212524032752729,0.02479881700071902,FBgn0019650,FBtr0089185
106,0.0025437447529357755,0.20903191602599527,7.150966862797557,25.660040156808343,21.17847618961411,0.2645185562235282,,0.18790105031876594,0.52415033603135,0.04391972600120536,1.9138543790213975,0.1373655539867513,,0.2325391041900681,97.56042027944098,14991.843547269544,234.3584018881287,0.5093712692581459,FBgn0019968,FBtr0087357
108,0.08780012871273064,1.2645303421477372,5.877076898129407,40.95827854131714,39.811536573889114,0.3733869637638453,0.04510136042431749,,0.14300062367060504,0.051404642296969665,0.800419039932223,0.2194970441242468,0.17092306150959585,,241.5376379482628,32634.80701561102,1980.1608473835413,0.6351694860631717,FBgn0023214,FBtr0086652
109,0.006182854966242568,0.05228899143277981,4.045198640179578,41.23501390141985,4.289551165271454,0.2954020248994468,,0.042491989132360485,0.4518075290224995,,1.4889762583985902,0.16537627566892635,,0.06434480194703551,36.21814818782228,,12.357651168509127,0.5276594599904252,FBgn0024236,FBtr0345601
110,0.0027999154775299666,2.190215310738666,0.04552940675028492,30.098150757468048,22.407516192775113,0.004388879417455135,,1.4226664616623088,0.018386021265983314,6.7706261189237e-07,2.065032965334835,0.0023910111116113232,,3.3718677122598266,0.11274472323536858,1337983612.0138342,243.14225988545718,0.008056115861368927,FBgn0026059,FBtr0303845
111,0.017245298932375863,0.9784112130554984,3.3385884926180838,63.50949997151347,57.25689337134028,0.18591018396696884,,0.6536185344078805,0.2655243950435887,0.00025601511985456096,0.8468193016969056,0.1081503217152409,,1.464598158465547,41.977962594405405,15754759.2850103,3871.371179149648,0.3195792296728926,FBgn0026061,FBtr0075399
112,0.05300723888705298,0.4440675789416402,10.53458312761649,46.6958299934515,34.860974486561496,0.6912104857881723,,0.2892839982523793,0.12934180962264552,0.00017488400196163413,0.9048843254213425,0.3891400774235453,,0.6816692795259648,858.0167696465551,12468267.619216999,1343.0308250580158,1.2277633772054477,FBgn0026160,FBtr0076267
113,0.4295047593691892,0.22207252418228746,1.7841877654982867,109.36011227768508,61.77599201177125,0.0215957003064319,0.42945438667967467,0.2210180618615332,1.7671351615616966,109.23921957648628,,0.012462463205384765,0.4295551379671493,0.2231320172719143,1.8014049246468058,109.48113876824327,,0.03742231884975295,FBgn0026179,FBtr0111038
114,0.020758524089390027,0.983079910297357,14.918594278049946,73.74874368189774,155.01337629437262,0.1063991395290068,,0.8111495279682092,0.06477016865287764,0.00019414392931624557,0.08819030590362006,0.06214188623852498,,1.1914524717175656,3436.2185534185164,28014665.27340517,272469.2536665122,0.18217626753490335,FBgn0026319,FBtr0077429
115,0.009695288794217518,0.3435835435285285,3.9913159691200377,76.26227591662065,29.37304823896203,0.3355058600756917,,0.28758876527187355,0.4226788353902453,1.6957275885997248e-06,1.283871131484402,0.19469878529588655,,0.4104807476468054,37.68961639786018,3429757684.5968423,672.0113426421976,0.5781452718056982,FBgn0026376,FBtr0075794
116,0.27230239244573345,0.21476758916230185,5.162695420870071,75.6004536332426,0.5111647217623335,0.2644396293832148,0.27230143318462785,0.21465392050802445,5.154325716034,75.59828695275642,,,0.2723033517102183,0.21488131800911126,5.171078716612672,75.6026203758268,,,FBgn0026376,FBtr0075796
117,0.007050425784449761,0.33527920186141064,8.076075650400224,51.37434538003191,54.76269575852614,0.4250903898341872,,0.2835171033217677,0.2753289858628888,0.00016293116076907376,1.0236208527491912,0.2319854402291373,,0.3964915762885965,236.8911420879886,16199009.144528115,2929.749661397045,0.7789361235381752,FBgn0027660,FBtr0075233
118,0.011833838309866423,0.10042836835077863,8.103950590055684,51.12307080418809,7.380822733021097,0.4263324731264396,,0.08374043959407315,0.2497077084047485,0.0006495236492147262,1.7998368727670178,0.2355199974058268,,0.1204418942447672,263.00355557952406,4023823.2612620527,30.267489815635518,0.7717364964509362,FBgn0027660,FBtr0075234
119,0.033238240020823616,0.0862307741015057,8.107297206732026,51.41006139050868,2.7144303394880565,0.4221606419440209,,0.0690073443772799,0.2316115525204933,8.774949295387138e-07,1.1257079837426445,0.24091118501279024,,0.10775297135753953,283.78665607566865,3011976848.191311,6.545331626268114,0.7397730727908127,FBgn0027660,FBtr0339898
120,0.013568615853768123,0.4273923215786111,1.0588201449363497,52.97784221086728,27.440026429918444,0.0949176208264346,,0.3347403199614408,0.26799840600087266,4.192108149899334e-05,1.2539143144683822,0.05560261686137793,,0.5456892571692477,4.183234206696669,66950843.46492702,600.4836548929983,0.16203112824369226,FBgn0028371,FBtr0301377
121,0.02046156075272766,0.3465591443647842,0.20981566278902355,20.806595176635447,8.628939387277413,0.01037206863990987,,0.2563947192633994,0.0899988496929255,0.011261151668440637,1.6381234108345308,0.005738299537070302,,0.4684310226353253,0.4891463891127677,38443.17309548646,45.45359309124035,0.01874768076779882,FBgn0028491,FBtr0070610
122,0.02811528960760685,0.6769975481290134,1.478733942647028,56.95183997377438,44.50534686191863,0.10870822306403352,,0.4619639471681602,0.27778468613791496,0.0051368726423706036,0.8647104371665135,0.06390462255047441,,0.992124348625543,7.8717588918879065,631417.654711713,2290.623327954894,0.1849236767247276,FBgn0028789,FBtr0076522
123,0.2056526840201056,0.1904813011041961,11.252448519274877,29.477615517400398,1.050331240357835,0.4001729684384612,,0.11014314066591377,0.14922018184868707,0.003401232939606829,0.5844760991186542,0.2246647818961704,,0.32941793606922304,848.5286380854617,255474.9504137551,1.8874949995990669,0.7127881963398172,FBgn0028953,FBtr0086922
124,0.2143918206534519,0.32441776591182064,11.064623157946244,30.25415908115111,1.1158890427580996,0.4113104222366067,,,0.09866687425032844,,0.6133766890830449,0.2375439810377592,,,1240.8002843664906,,2.0300875105134617,0.7121892236602873,FBgn0028953,FBtr0345417
125,0.006102646742576189,0.6831343800028155,0.19616085447420675,62.77934174419758,25.950864020113105,0.17107744048993978,,0.4537655776391243,0.07367696879114125,6.9636283006325655e-12,1.4347101358344674,0.1000555970770204,,1.0284442102679097,0.5222674257559513,565975893554906.2,469.3961006964693,0.2925122781693009,FBgn0030360,FBtr0339626
126,0.020904852319457344,0.09687632390216944,14.23037351128047,21.60420457094169,12.43741451926369,0.6143036861380331,,0.08099239613263848,0.19289248066708875,0.03729282020149722,1.679055611208882,0.32684878100955816,,0.11587534856270355,1049.8259422566696,12515.590202651378,92.12874123485314,1.1545676188149512,FBgn0031001,FBtr0074674
127,0.02205307157736178,0.2655705256852113,29.87675302995441,23.60690172205257,128.29754759682248,1.6220220540618655,,0.21843521839195346,0.051658725477064384,0.03369255601542732,0.13531667355662425,0.7702333155803952,,0.32287698216396016,17279.179139043965,16540.324475812275,121642.5166738304,3.4157903724023737,FBgn0031632,FBtr0077384
128,0.007973467326080673,0.039907452374611414,29.875036518820963,23.398408492882396,15.814272577401534,1.6346133511082626,,0.03267681516275064,0.04379941893669319,0.06126674536489962,1.5100335912604534,0.7813833406448472,,0.04873806541732192,20377.389213562714,8936.09602956731,165.61963826486684,3.419526202614344,FBgn0031632,FBtr0336962
129,0.002988293191292993,0.12843672315706942,5.055028483005817,22.139042150875152,31.43538630581079,0.4195354904741837,,0.10548777406905263,0.5234920242765062,0.08259588842884052,1.5137655251741469,0.21790788749915196,,0.15637823435848938,48.813184879590324,5934.159637746355,652.7982674740024,0.8077267408142756,FBgn0031879,FBtr0290119
130,0.02974894875954447,0.10269614977553357,5.0631553257097055,22.273248359537245,6.272184718525724,0.4092585335406784,,0.07805629810533232,0.4530606863857972,0.007729389486201278,1.5238443378681985,0.2274488376096888,,0.13511400661721046,56.58301994102614,64183.28295802351,25.816482803186588,0.7363965849906451,FBgn0031879,FBtr0302162
131,0.06318859706837815,0.3899501959093502,1.3350308241343924,42.297590060732034,5.152635584543091,0.12145626791811165,,0.2517859862762173,0.2941684947643617,1.3825011963941395e-06,1.4548308234664922,0.07190891840820232,,0.6039301771263974,6.0587973665114605,1294093726.3649814,18.24930640652681,0.20514319145861984,FBgn0032629,FBtr0080971
132,0.01952745462823848,0.3532090513427037,0.3198466924147128,27.900464793275376,4.754382511581676,0.038961584200938114,,0.27948209003657937,0.1290004230134731,0.0034034641278775173,1.46800430548559,0.022304280472553503,,0.4463850758167876,0.7930354355345585,228718.7131795188,15.397879271857198,0.06805891117244371,FBgn0032681,FBtr0081085
133,0.04814559526840017,2.1933214008957482,0.5205587625738379,71.65579198333828,32.61402326014999,0.0767032397520128,0.03369563523269524,,0.07569859081391092,0.027672152141053136,1.2148529544973306,0.04608488590693749,0.06879224349803674,,3.5797420054827205,185549.44691642025,875.5582387777299,0.127664132668908,FBgn0032682,FBtr0300674
134,0.0008872572903622805,2.172668994018376,0.012404318855861924,20.306808876435174,23.750383446009078,0.0022828131979810077,,1.3554275531344664,0.005930796067453985,0.2712604638490421,2.5531695822355096,0.0009633200427962713,,3.482657960325912,0.025943756036775158,1520.1864690961768,220.93350859153,0.005409662277709277,FBgn0032955,FBtr0085923
135,0.042636544089728716,0.21233958229760333,23.17027083510293,23.227719288334228,41.96183642055193,1.362502837511646,,0.15329616572527793,0.046393122352774124,0.07560817954537427,1.036651354991728,0.6587645969420924,,0.2941241093474121,11572.005145282474,7135.827718400107,1698.5418552790186,2.81802329822298,FBgn0033483,FBtr0088406
136,0.04496464244430769,0.38629385004220107,0.6627906052741371,22.729259751865968,2.3971523541859043,0.06336652841147823,,0.28367337516274,0.24514865713407966,,1.0278953800353494,0.036891895062838936,,0.5260378718828269,1.7919387834924767,,5.590393264518228,0.10884008306115156,FBgn0033649,FBtr0113070
137,0.012891658812437841,0.6771878253065264,1.3799766788006846,67.82923442543272,28.60904471092543,0.03345616624472514,,0.5453568468915091,0.2717422952388808,2.061862911210428e-10,1.355156831140822,0.019547027566913358,,0.8408867576473485,7.007873516191956,22313826092537.74,603.9724852972962,0.05726267361945686,FBgn0033652,FBtr0088030
138,0.030241338450011562,0.4994992153560703,2.03050893274238,24.310045220180765,16.036516782173972,0.20329832874594134,,0.3695763802936313,0.4907973097850068,,1.9589958030664565,0.10994647898548217,,0.6750958108932734,8.400548339909726,,131.27637644878777,0.37591208788369,FBgn0033987,FBtr0087409
139,0.042938650378898366,0.15214855891025578,2.0208019770475825,24.35544304068738,3.2975184137837275,0.20141097492630794,,0.10852427697510048,0.4626193151868986,,1.3572040781040764,0.11204610639136056,,0.21330880632154645,8.827216020562444,,8.01178530529652,0.3620507854067989,FBgn0033987,FBtr0087411
140,0.01063919665242835,0.7437201992374874,0.17279140722350494,23.496224078311187,11.669003673317327,0.011855204478078406,,0.6115318451651561,0.07754607652734395,1.180097140640467e-06,1.7043103981600043,0.006572048740429793,,0.9044823080382138,0.38502103197640347,467819577.66509575,79.89486356176637,0.021385397273827742,FBgn0034013,FBtr0087382
142,0.025821898268131128,5.502502227326889,0.021032187338955833,77.54736090686883,122.4938681110894,0.007517553456970986,0.01783851954624447,,0.0011257887348883485,0.01811890453897729,0.5281509770269581,0.004242217998281185,0.037378125939273255,,0.3929271012867302,331896.06858868076,28409.959230371904,0.013321712840149658,FBgn0034504,FBtr0345355
143,0.08370955365959863,1.1344065868686417,3.010134015702531,30.752520751999363,42.169631149074014,0.25221230081471263,0.06335849801487499,,0.28123929294598865,0.011068323587008487,0.8761707332109445,0.1476779370730662,0.1105974666925356,,32.21778400015239,85443.6107842197,2029.6019073040868,0.4307416933294405,FBgn0034602,FBtr0071583
144,0.0048957310927384865,0.13200260040871412,14.860217427966562,27.145508430859586,26.95797973796485,0.4319708634054337,,0.11690112100058195,0.15849032378107636,0.1648408566545497,1.8225761700516063,0.2196431800197881,,0.14905491380682234,1393.309425700142,4470.2426505469775,398.73925901925185,0.8495543855011786,FBgn0034606,FBtr0071622
145,0.34098057014833305,0.14639497877390495,2.8605592057504,125.44550890497972,0.9969935343556149,0.11527158578510766,0.3409775005356643,0.14625440501563058,2.8539872643554536,125.43386440853908,,,0.3409836397886357,0.14653568764593206,2.8671462805042918,125.4571544824227,,,FBgn0034644,FBtr0071662
146,0.3507727808295098,0.966964269527017,7.4046638806840015,114.7535540984785,8.485032641849433,0.3591187034656799,0.35077242617047216,0.9665928417536797,7.395875264068447,114.75241253657505,,,0.350773135488906,0.9673358400270382,7.413462940929182,114.75469567173828,,,FBgn0035157,FBtr0072606
147,0.05162111713627615,0.3709590793839089,1.2078156016067398,41.51220091387043,6.201635924847884,0.13679616947802398,0.009725725097810244,0.1400642118168164,0.2733371598528732,0.0011031662653466947,1.69908254515368,0.07968349605904332,0.2739887985315472,0.9824825113593753,5.337066238157579,1562106.1655397618,22.6359150437186,0.2348440129935349,FBgn0035236,FBtr0072746
150,0.02016836988211789,0.6131177118163589,0.18335530272624195,35.97522070494786,6.1088455139352416,0.029279923176865626,,0.4523715807455845,0.07244303474062784,0.00026624024326267584,1.7003413843852948,0.016592635420203984,,0.8309835200596803,0.4640772871843449,4861085.194745782,21.94735354666314,0.051668338364094124,FBgn0035432,FBtr0073058
151,0.04629509379431285,0.1661812617199573,11.041572432194462,31.216570335425207,5.612535279141076,0.6294959118844784,,0.13341873703192675,0.21841127445624595,2.412899952467727e-05,1.4679437722145758,0.3508634418150282,,0.20698900590123606,558.1961008144755,40386020.25375864,21.458963794015556,1.1293998058885204,FBgn0035625,FBtr0331806
152,0.1422291706800037,0.5861938386160163,13.24359452563606,44.7287749212247,14.088973442827328,0.5591844528775297,0.017853571410733234,0.13263410295550346,0.07046616470548199,0.006025184667133288,1.5313226019916295,0.3196549398549562,1.133058284358739,2.590760662411688,2489.0356484210997,332050.12235840264,129.62596673916178,0.9782024719587455,FBgn0035656,FBtr0077070
153,0.08335841833682359,1.0176076057319086,13.211738579659734,44.58334675844424,87.9915499513375,0.5642971563380437,0.033226601510026745,,0.05188939348531575,0.008575180757509229,0.2552885414882158,0.323337661229226,0.20912839688163745,,3363.8866167642827,231793.92532840613,30328.477798899254,0.9848258301882588,FBgn0035656,FBtr0332041
154,0.005935290395477418,3.7226999056576346,0.022130033095325557,17.48060242251427,60.98889567143782,0.010732209038060402,,1.546765981644094,0.01008426812933747,0.09124366342576963,0.752872113920218,0.006067160692723205,,8.959658249564582,0.04856459175013822,3348.960898557152,4940.607211300827,0.018984219583102462,FBgn0035954,FBtr0076521
155,0.02934449824221113,0.5145399840354691,4.14778129454016,38.18920966041485,38.75537978975851,0.13783268068223664,,0.4136621791142545,0.42127173409304863,,0.7846773718723297,0.07992793782022549,,0.6400183737805427,40.83846191194325,,1914.1363272201013,0.2376872015237214,FBgn0035956,FBtr0076547
156,0.2870440738090093,0.38488322687449456,12.290194343717332,73.5877325833577,5.838197693558017,3.014586271999858,0.2870401084085909,0.38426598805788414,12.20045874688778,73.57959794711799,,,0.28704803926420874,0.3855014571495441,12.380589954854988,73.59586811892699,,,FBgn0036007,FBtr0333864
157,0.4916419380813044,0.17976287272059505,12.290194343717332,73.5877325833577,3.8115247736369122,3.014586271999858,0.4916241877469686,0.17933241322193325,12.147302265803653,73.56746480731594,,,0.4916596890565248,0.1801943654701715,12.43476730068413,73.60800594315509,,,FBgn0036007,FBtr0333865
158,0.008780969895495096,1.0265855010409717,14.028904297019533,12.259421121821198,698.307697484226,0.4434831584893455,,0.7932416994837724,0.002405927970602731,2.9056662438776235,0.0007715179998201694,0.23688020582713876,,1.3285708399260747,81802.1811873397,51.72424966522947,632044411.7692419,0.8302817501231382,FBgn0037007,FBtr0078218
159,0.003980980717761128,0.08107866868644943,15.69314772612833,8.585853738784031,4.204095796851972,0.4557836135665286,,0.06345477161099064,0.4753008993317123,3.483214993189548,1.55193243063482,0.2366124621177288,,0.10359741827245712,518.1452126439417,21.163460931330537,11.388653990482476,0.8779702494807745,FBgn0037007,FBtr0078219
161,0.003881998987867597,0.05832342785238849,6.650848098165913,21.171139369549472,11.9852977447969,0.44182119700178496,,0.0478500489913462,0.5936721649056049,,1.7544913282300378,0.23129437657428675,,0.0710892111535342,74.508766015517,,81.87407923887984,0.8439719677205129,FBgn0037213,FBtr0078961
162,0.002755865522784553,0.4154471333166813,6.610838412494554,21.3603170988206,179.8386555507689,0.4574867835082662,,0.35392016816560057,0.7217339175438616,,0.22914784997132984,0.2043210756330338,,0.4876702039209303,60.55304240770641,,141140.06321401056,1.0243395422439787,FBgn0037213,FBtr0078962
163,0.2823284453140572,0.8028852088358879,1.2666529657701022,150.34814457856368,2980.191025998668,0.025202137859112458,0.2822580575564509,0.7944971824124295,1.2453256598238374,149.91944750328184,,0.014974333273564368,0.2823988506245244,0.8113617931407814,1.2883455207380483,150.77806752003852,,0.042415761761560165,FBgn0037261,FBtr0078895
164,0.014330766743837504,0.5200863661596125,22.451867842896366,32.756180509479776,724.4684628263368,0.6878813027139449,,0.42968272466497215,0.07293088081801398,,8.418718183936796e-05,0.3678641555050559,,0.6295105963964786,6911.83712552083,,6234376091.022927,1.2862919084187057,FBgn0037363,FBtr0334946
165,0.04180369894280418,0.3958429570266411,9.557210101448096,27.757257063104053,12.137938723393571,1.6545352543254097,0.02664026043620608,0.143060681061749,0.18487434029248395,0.14773278353401326,2.760174548340104,0.6922507899887088,0.06559805409880899,1.0952810056871094,494.06675246935265,5215.2629987497085,53.37689840718851,3.9544727826894905,FBgn0037992,FBtr0082550
166,0.03650805698617561,0.11475595592075173,9.343920192416912,29.2670129754342,4.715854382214713,1.256751147829673,,0.07844160532437472,0.27837837971086365,0.033056888396493414,1.7417070586775227,0.6064089084255088,,0.1678819468932189,313.63371197482877,25911.635669710988,12.768669934162176,2.604551855400746,FBgn0037992,FBtr0308292
167,3.3306379249717104e-16,0.2851827891560623,96.39413309980783,39.89889679521092,1839.0147443113915,6.638298333030309,1.163683845743115e-16,0.25331966862565075,0.00015914611818943216,,6.317084785196528e-07,0.9124783928649752,9.532785926211687e-16,0.32105372501105445,58385520.18594241,,5353696119007.333,48.293751504572704,FBgn0038071,FBtr0082648
168,0.019419316804117542,0.5744762794202313,3.6735025133198365,25.581583117408446,38.22971585971844,0.2616280506194063,,0.4676374522498024,0.5546038241070939,0.0021705904775065074,0.8438241872330384,0.15000159817374298,,0.7057240476116102,24.33200084239113,301492.7972708362,1732.009104298385,0.45632338391240096,FBgn0038385,FBtr0083201
169,0.027841096720665988,0.2647716202107104,1.8208449695725903,58.593375752457135,13.101396513209009,0.19890149698656728,,0.19818994491790293,0.3390252913980769,0.0006819763597949763,1.5006734350639983,0.11807285449718602,,0.35372132979826065,9.779436777549556,5034168.168381607,114.37970885984603,0.33506266679137736,FBgn0038475,FBtr0083422
171,0.11315306605980376,0.4912277287451545,2.527361803726518,26.304445505513684,4.742994549912212,0.07050767409549595,0.07866145684851435,,0.4162072195141555,0.0003351757954307166,1.5028690995795309,0.03991714679421947,0.16276861466463075,,15.347061241253927,2064361.0391477838,14.968700405638005,0.12454126874310027,FBgn0038535,FBtr0089416
172,0.11961704448322152,0.3487005285301333,6.975176567029722,21.660055661694198,2.8088107330143712,0.20581208946590399,0.07704292885461983,,0.2525348204174009,0.002407110008472101,1.1750220004669172,0.11682104197069552,0.1857177231397922,,192.65892941347457,194905.09765504487,6.714272354697803,0.3625940623004109,FBgn0038803,FBtr0083908
173,0.06264115306674567,0.6756638937336987,0.21471921185582246,31.22028064815661,2.807078743155905,0.014405513371553776,0.04091546484918905,,0.07814362275504645,,1.159846207281736,0.008436804545686506,0.09590295679139113,,0.5899949133982045,,6.793737842834273,0.024596849953589725,FBgn0039026,FBtr0084312
174,0.011005275678389544,0.16960338133426828,90.06993901400575,36.090512393036434,134.2263323164353,1.2656200438803484,,0.14888037538496096,0.0006666851646414353,,0.1265269230155191,0.6357569841739119,,0.193210870711728,12168553.23059413,,142394.2656450461,2.5195068797443563,FBgn0039286,FBtr0084803
175,0.011005649180143216,0.16960501113262408,90.06754094489916,36.084888311525454,134.2197787651463,1.2655938259287178,,0.14888218889733493,0.000667096367358345,,0.12653385668469186,0.6357338543204133,,0.19321223051827696,12160404.896199152,,142372.5592799723,2.519494158355157,FBgn0039286,FBtr0330288
176,0.05764243733079875,0.05539059231502057,90.11760865228031,36.194949944476754,3.183483221569674,1.267802641275498,,0.04678133598058814,0.0002409210783484944,,1.2328142540711504,0.6491628633142593,,0.06558422611705504,33708895.231899075,,8.220675084302462,2.4759942813411144,FBgn0039286,FBtr0330289
177,0.25755938481783897,0.14243919449869333,164.65625571990125,27.02991379543785,3.9339195405322385,4.837023961098359,,0.09505733875310407,3.642097490544333e-08,,1.5209721195736554,1.5467882512661266,,0.21343879805149774,744397496719.5487,,10.174889304163834,15.12605282661551,FBgn0039350,FBtr0084889
178,0.2369458857570564,0.4494076717384297,166.30472833199346,26.22994058684701,21.27148705930215,4.6208051407346735,0.16495256703403738,,2.9035075588906324e-07,3.779504582955532e-05,1.3907517549028785,1.4427542274442933,0.3403605884206156,,95254660456.76624,18203702.84222563,325.34646109122264,14.799360655115047,FBgn0039350,FBtr0336450
180,0.006457194187565251,2.421196833887456,0.02838024763271305,36.755490431747326,4.6048216823119725,0.004004763167101071,,1.252910795719282,0.010153923368281708,,1.620482943313471,0.002368336065568832,,4.678859922394731,0.07932288106586477,,13.085224261930804,0.006771897053688338,FBgn0040038,FBtr0113686
181,0.05193824316188875,0.9308191310262972,6.121865891013464,22.09410874678927,22.925734603138377,0.6339574504606142,0.019895577546640977,0.35307861990315353,0.31640700466381577,0.005920273532570843,1.1982088010012977,0.36536134869606535,0.13558697134675152,2.453913111256082,118.4463094531483,82453.89991346805,438.64584090379003,1.100012495653595,FBgn0041160,FBtr0075580
182,0.05575751883517915,0.305817477315153,34.000240971261896,22.315147377888632,28.71701422993087,1.6955026274499898,,0.22494861620306236,0.02097044292988393,0.036287095051068606,1.2544534295317449,0.8098903286364421,,0.4157586341717222,55125.98803797775,13722.944804374067,657.39140797748,3.5495289399613004,FBgn0041184,FBtr0081040
183,0.05575751883517915,0.305817477315153,34.000240971261896,22.315147377888632,28.71701422993087,1.6955026274499898,,0.22494861620306236,0.02097044292988393,0.036287095051068606,1.2544534295317449,0.8098903286364421,,0.4157586341717222,55125.98803797775,13722.944804374067,657.39140797748,3.5495289399613004,FBgn0041184,FBtr0329928
184,0.059507113362366124,0.2556414608188485,40.98250933277193,13.111048572101787,21.684890225740762,1.3321373081013892,0.04422976167789528,0.15855577256904435,0.007211329539818971,0.940212871714482,1.4955328535174757,0.6726236994382249,0.08006139771924717,0.4121739336934993,232906.5759561589,182.83050554982586,314.4260341699891,2.6383099630859754,FBgn0044028,FBtr0075435
185,0.01277021452916462,3.1291542752315418,0.034097672483448915,30.07295151224885,45.86695677764924,0.0037376241917233717,0.0046668266518759705,0.0026803979424954217,0.013514365107539877,0.0023303392351082647,0.7874159993966997,0.0021993272132644066,0.0349441689794355,3653.042081163499,0.08603077240675465,388090.45439946593,2671.7487651439787,0.006351867295735732,FBgn0050015,FBtr0113357
186,0.02517727283584057,0.3041100722526986,3.1856086475874137,31.63663153997443,7.601771529677503,0.1247820602698834,,0.25589529142273626,0.4478407704441543,0.0006044099942391157,1.5617151254444583,0.07248795901523594,,0.3614092917902141,22.660068321870614,1655956.1634252856,37.002222395053955,0.21480205508233574,FBgn0050089,FBtr0340007
187,0.02120046621013664,0.5229518016483096,0.10711507738282867,21.980250366068788,3.0545507517573447,0.008423091479698566,,0.40288544726096576,0.048135266777330085,,1.2333407389024602,0.004720057803163577,,0.6787998640965291,0.2383624433994625,,7.565046706690563,0.015031271444984846,FBgn0050115,FBtr0340387
188,0.1208085422357202,0.4551845615634438,0.529955189891318,22.236166560819374,0.6722286008463513,0.0751102416619883,0.05972452552236107,,0.1941559327104912,,0.3946140725895278,0.0430542779228669,0.24436701253751245,,1.4465306280984274,,1.1451474318451238,0.13103339957597931,FBgn0051523,FBtr0078937
189,0.008285591423432853,0.4507120189570314,0.7536561984182084,58.09411102741128,5.935370221019612,0.03820238531336968,,0.3796727006921123,0.20489717391169332,,1.7720510779850684,0.021989894723689903,,0.5350432719076547,2.7721107840119936,,19.88013782346699,0.06636785950861851,FBgn0051721,FBtr0080096
190,0.03676081857729975,0.22138033178161426,3.688054461758069,29.903444342932673,7.4439995182584475,0.1992415728392488,,0.16637019934620298,0.4320960409877927,,1.915184587982505,0.10595495759639724,,0.2945795069810148,31.47852426927899,,28.933570777219614,0.3746611319375159,FBgn0052227,FBtr0074848
191,0.2870322277199346,0.687184572527189,7.0694892100491,71.71593503726669,3.1989448318940568,0.1725684333897311,0.2870314192536761,0.6867770395614426,7.056040883108714,71.7143398739451,,,0.28703303618847026,0.687592347322683,7.082963168572478,71.71753023606996,,,FBgn0052982,FBtr0301040
192,0.1880731011343276,0.4321666128084664,7.476084987377638,39.775350505990474,4.836301273666528,0.3306606526671681,0.16591604336671306,,0.699740596474764,15.742791324110971,1.5503047819795552,0.17911240118693678,0.2131890964402026,,79.8750951710846,100.4954251951085,15.087233350207743,0.6104349363736397,FBgn0053113,FBtr0079042
193,0.18169286983304114,0.3158148233822217,7.231901026075096,40.102877481731255,2.668894944723588,0.33033387252972235,0.15618081674650344,0.12572355449142925,0.7120480117469877,13.191843804919165,1.1563192830423956,0.18185005901151732,0.21137230317951647,0.7933199396994717,73.45065443358047,121.91175138952481,6.160063513971481,0.6000573655770537,FBgn0053113,FBtr0079043
194,0.026511187272768973,0.14921821254704473,6.925357588556354,41.940135178943294,8.700352295132099,0.33218052115466146,,0.12180993116913046,0.3538412490092069,,1.5865816241123492,0.19049021851789266,,0.18279359278858026,135.54264197198543,,47.7102021787,0.5792628067368085,FBgn0053113,FBtr0079044
195,0.014837196354126685,0.3284092091635729,20.63822549064762,51.29153368179379,32.509683806120556,0.38851440872140347,,0.2881142026832001,0.0469072677096728,0.00019995423026960866,1.3544618764313456,0.21706683980693645,,0.3743397849151997,9080.391423331279,13157118.125899687,780.294786855529,0.6953777275165283,FBgn0053207,FBtr0083162
196,0.07713806899190223,3.1716642594611555,0.08993706509460356,59.447670911054495,18.431837998662697,0.014953842390772132,0.06225357121585519,,0.0173410888043462,0.00026477946893694584,1.9082878052756924,0.008789519497206475,0.09558137102155527,,0.4664456637696068,13347052.892498333,178.03009119993018,0.025441368247618626,FBgn0053526,FBtr0091487
197,0.20719223030298192,0.7947868442577865,10.06505252195551,24.47673569523613,6.739206491343,0.3881245756644529,0.16842500840842695,,0.0347717919839953,0.3496758641290252,1.651453293624833,0.22333470543568595,0.25488269648069684,,2913.432885953982,1713.331264045675,27.50117384989585,0.6745063913861422,FBgn0083940,FBtr0110782
198,0.010133252642674595,0.09768715537849136,7.144155207311805,30.564009267931986,8.920132053306704,0.3906417429633187,,0.08404180296116516,0.37067100344561693,0.04509201334217422,2.030679914917936,0.20162356468306372,,0.11354802002940287,137.69340777056098,20716.721061920758,39.18330765173557,0.7568607944477929,FBgn0085412,FBtr0329899
199,0.052036694212567784,2.0083917793421504,0.23710432734399056,38.152527057885926,42.905070957529205,0.033997552255592284,0.039373609025201095,,0.06626920499240793,,0.8278349222985787,0.02041148592585424,0.0687723988633896,,0.8483346382635322,,2223.6862257022185,0.05662662500762328,FBgn0085424,FBtr0342628
200,0.16730767195290064,0.6580390936367125,2.3895821430968347,28.165789307765714,5.321404502095229,0.2417742783241778,0.11003190863927494,,0.3293846678012722,0.02862122651159237,1.4934516860663944,0.1422099558228056,0.2543976328363713,,17.33566670459701,27717.599279266957,18.961005661659183,0.4110457760918793,FBgn0085432,FBtr0100246
201,0.17184908298753113,0.6382041887812511,2.3669544165837357,28.31301380538351,3.1119676548187782,0.23655792045132026,0.1172236170281285,,0.33413226480046115,0.015452079464934694,1.2072401966283464,0.139840867429613,0.2519296714464028,,16.76723202271702,51878.24412649208,8.021885546625523,0.4001666376706344,FBgn0085432,FBtr0112657
202,0.12894501516464213,1.6081975383266387,0.18951163652243475,23.011975446224852,9.49685428401552,0.02284470644774221,0.0971886407497158,,0.0670157011871045,,1.7857082712490413,0.013245806747475629,0.17107778036147098,,0.5359141177548749,,50.50670523508243,0.039399684944291816,FBgn0086690,FBtr0333940
203,0.01661609911133216,0.8974422904870414,0.17651097458143988,23.037264087935124,57.0351732896547,0.02320917492521732,,0.5597256113581558,0.07351378446961677,2.387139048007928e-07,0.7580517269527681,0.012822530757331335,,1.4389240878228604,0.4238133619765764,2223228416.8789763,4291.2783871061965,0.042009320227315655,FBgn0086690,FBtr0333946
204,0.019189835513492487,0.13384768123702245,6.578998951365159,21.143160184507245,10.41114110090683,0.4068358999187962,,0.11129284814804992,0.4949416991765669,0.0020837273271942106,1.5534002345130435,0.22448321285181197,,0.16097352229404224,87.45116298358784,214535.3745442661,69.77716149049631,0.7373177145856264,FBgn0259211,FBtr0299706
205,0.017428979629386988,0.1260591026043296,6.584490642804939,21.17166768081205,14.395006639323244,0.4201244145900475,,0.10285429363347978,0.4305135215634613,0.06766503403558254,1.871703936843924,0.21971858748949213,,0.15449911508833988,100.70651641262056,6624.389077393045,110.7099323066923,0.8033208557881855,FBgn0259211,FBtr0300538
206,0.03279393451080186,0.09986870816348634,6.7219518611603375,19.67357125424261,2.744213685592824,0.4378237954336134,,0.08005678826278845,0.5395242997767016,,1.190809462495012,0.2387751663623857,,0.12458354983595504,83.74903010384878,,6.324024950571383,0.8028040719987178,FBgn0259211,FBtr0345791
208,0.0042859578943208404,0.16382398556248715,4.192928576117747,111.69660257836487,8.862599883677127,0.22601238496199286,,0.1298299897038006,0.20275962151337265,0.0013629191114211965,2.4057267575192025,0.114098091853409,,0.2067187889855648,86.7068596459443,9153977.608061856,32.64945881848631,0.44769896960097,FBgn0259740,FBtr0302201
209,0.09435947048579776,0.3201361436956489,4.888900409142745,35.71249979385973,7.0091942084182355,0.1963797135595292,,0.15981427412413782,0.2829509639639336,0.003404709598186227,1.5361662227938546,0.11428352598677807,,0.6412890904895824,84.4716938782463,374593.6634965458,31.981437114254646,0.3374501404706787,FBgn0260400,FBtr0070091
210,0.1608078554298098,0.37926274250325137,1.0967443158632488,15.730333671016224,2.311209907863973,0.04826716970265932,0.07286303050368666,,0.3379522294902657,0.09423174907264027,1.045832004829364,0.027124920146457662,0.3549010546113122,,3.5592252082272244,2625.9026266270444,5.107599703912423,0.08588853565379287,FBgn0260635,FBtr0075501
211,0.21882361884497406,0.4473541048884375,1.01124473884779,17.17114579297067,0.2657303365189834,0.04821252468154839,0.14856070875988764,,0.3035752592857966,0.10828007151754382,0.1553127666962261,0.02787076175725284,0.3223179033280125,,3.368574646870704,2723.014897489076,0.4546478261159453,0.0834009330786956,FBgn0260635,FBtr0333618
212,0.0015714432412652006,0.4787905638048277,0.1943196753098842,47.75322952541933,3.7814259941172903,0.05787716384739404,,0.37249726780053416,0.08291413027324887,,1.915624126756092,,,0.6154149944297017,0.4554125586085007,,7.464503265157818,,FBgn0261554,FBtr0302702
213,0.1348559014648826,0.4379836675484561,27.226841293777948,36.13792557751883,53.087847374948176,8.316293308145255,0.013411932800920031,0.08207006818143286,0.014467038727136028,0.033921111461552626,0.6268421722353453,1.6569175101878209,1.3559652012764778,2.3373892247185326,51240.67895429792,38499.613036751434,4496.059237456133,41.74060202868022,FBgn0261560,FBtr0077524
214,0.4738420326582277,0.6548695978956789,6.572608288491947,79.44482298302123,2.7647920502906422,0.40957462189336014,0.4738407851757721,0.6544629211332899,6.5598755003827,79.44315911112841,,,0.4738432801439676,0.6552765273629712,6.585365791078322,79.44648688976254,,,FBgn0261563,FBtr0305063
215,0.07000051429742105,0.4324308563146972,2.9169622524331063,42.86104897407213,5.530705606645888,0.3537880599988457,0.020477599630835,0.16193481592293707,0.3769807818470409,,1.5189973851641554,0.20773269680085024,0.2392893742548301,1.1547636894962214,22.570563784262067,,20.137430654022225,0.6025338972888861,FBgn0261648,FBtr0089913
216,0.03841261355041617,0.3300520375031693,2.7837618576878698,44.037780275793104,7.284039927601229,0.361878768787253,,0.2388594212602721,0.4248828060623521,,1.581114309909423,0.21170407046256207,,0.4560605015503813,18.23874717862929,,33.55686387401579,0.6185816031446428,FBgn0261648,FBtr0343619
218,0.018285862954336686,0.5083679519727823,3.1059931752637584,24.854496975772,54.1904287932634,0.11456921953757072,,0.42438913018491997,0.4953684759166582,0.04891186382164679,0.6564823519858952,0.06411324292689713,,0.6089646416730591,19.474783063119474,12629.778782735028,4473.239172255533,0.20473314819552416,FBgn0261873,FBtr0089974
219,0.03649641915083165,0.5241278658479207,3.1199350395095737,24.927619028282052,45.80843133452888,0.1148637378607708,,0.3746084602383158,0.4201811248678392,0.046916317747172684,0.6818041312505275,0.06568829669702395,,0.7333257224984532,23.166187328907906,13244.56437028492,3077.7349170376183,0.20085279933808395,FBgn0261873,FBtr0308217
220,0.02885941007629905,0.38017401769830195,0.38728378121184426,45.15289106331733,3.1576853742292013,0.035488505938580515,,0.2932679485368793,0.12815937972066668,0.00013536939523265234,1.2997419798672765,0.020688992666155318,,0.492833548479961,1.1703296903953164,15060890.003030974,7.6715048656343265,0.06087459520506019,FBgn0261930,FBtr0070110
221,0.0057759727760009144,1.0543576332771942,0.7218333922005241,25.60142513169045,99.4681286812872,0.05177397227058636,,0.841403868188808,0.2617827326331436,0.003053860055286422,0.26094147256483785,0.029481785676428094,,1.3212085906413158,1.9903659834810197,214624.4283980716,37916.19831875786,0.09092204366775013,FBgn0262614,FBtr0305298
222,0.21761593483251465,1.4101360739282394,0.7947421749484898,25.621087264732342,2.5668565580481317,0.09613277580276798,0.17294193216336226,,0.2040456716827987,6.971823983390943e-08,1.1905250517178512,0.055966651670298684,0.2738300335877811,,3.0954595578177213,9415615112.929909,5.5343250275057665,0.16512530779913875,FBgn0262614,FBtr0305303
223,0.026793745473579288,0.5528326178630579,0.7249247610277824,25.602913812621694,8.432749957215261,0.05152691100668542,,0.4255373600498182,0.2535272499691139,2.604107960995427e-07,1.6157666810074134,0.029802866756185542,,0.7182069826666737,2.072818244252674,2517212056.9300976,44.01085421354081,0.08908614663184483,FBgn0262614,FBtr0305304
224,0.016693707257394184,0.41405419121559134,6.933131507707344,64.89429076208934,16.568386100580994,0.11244500803164433,,0.33715102078548936,0.1632052999258405,0.0004519091557667736,2.1095606559485787,0.06193472592111145,,0.5084987518761684,294.5266638093632,9318839.68221258,130.1272931896284,0.2041484747561736,FBgn0262624,FBtr0072836
225,0.01473527526347606,0.3535790613192069,0.2755552767054018,28.93065168549959,4.313584356094666,0.013368550296792887,,0.29985392955628043,0.11226679248193278,0.00029318670282728787,1.5199234952130516,0.007295567978885673,,0.4169301792655229,0.6763416754104752,2854776.8329068962,12.24207011454642,0.024496809234745655,FBgn0262719,FBtr0305700
226,0.009654954349611984,0.4697775710673214,0.2745923755001613,28.78297148211256,8.450012801389649,0.013151821366007592,,0.4022455088379168,0.11359396002830432,0.0006503133846714335,1.6797897862731228,0.007408631808770706,,0.5486474340396892,0.6637762488783193,1273938.7914623322,42.506935645838794,0.023347145560480263,FBgn0262719,FBtr0308608
227,0.034602867242188966,0.04861158813059264,233.67821603257056,20.150030540708663,32.85430866392088,7.7326625688704,,0.03868308935169272,8.66306658585212e-07,0.0249827683675954,0.9374590094134242,1.566879573110615,,0.06108836031926106,63032539467.424164,16252.151275522228,1151.4163146819396,38.16124189129892,FBgn0262867,FBtr0307501
228,0.21133061392390004,0.4096425933710262,233.7010791695939,21.27777576800249,31.45555226960813,7.650927277701977,0.15638530414182625,,5.416398264997761e-09,0.2288115070257056,1.056288232943636,1.6417652413276105,0.2855807240106759,,10083489384076.037,1978.6755811303271,936.725164331966,35.654725008886544,FBgn0262867,FBtr0336524
229,0.2400680164622645,1.2143164137866265,3.098690741621028,25.671782538087893,9.835479347919225,0.19594999031422905,0.18994225589284905,,0.3273722853327809,0.2742082251633872,1.9376256526083864,0.11067718778330997,0.3034219650451981,,29.330168564658297,2403.430525434401,49.92535780743868,0.34692242794713124,FBgn0263102,FBtr0088278
230,0.06670813498954907,0.379627486030852,3.0364806878336243,25.891652788905578,9.761671559980377,0.18774323558640574,0.02556128135537487,0.16647544058071434,0.40051903447528137,0.01791709613731024,2.0108396371513444,0.10090710618736068,0.17409046173846013,0.8656954301930837,23.020666120565117,37415.5320149932,47.38827994256301,0.3493066429137936,FBgn0263102,FBtr0088281
231,0.3216470495803689,0.7236824388525142,4.127377018270101,23.065942616519926,3.3613825776884685,0.34305890643376263,,,7.138657946899138e-08,,1.6538382728855567,0.18522910362868986,,,238633664.44590455,,6.831921245765871,0.6353721471300171,FBgn0263102,FBtr0100607
232,0.07084773849862634,0.22136133295873905,6.238617675730232,26.546291591104733,4.670576877142695,0.6105761420149903,,0.1390886527369562,0.34950592148913945,1.156673310307185e-06,1.4981125409916347,0.33929653818156624,,0.35229933402216423,111.35820056526022,609252060.1627822,14.561181332118506,1.0987534007742017,FBgn0263144,FBtr0336519
233,0.005211286957509317,0.40411043437844346,0.6543466023564105,46.4641920672186,121.86995712165388,0.12519952354893799,,0.29156804813744064,0.19756189895917567,0.00040099011847836763,0.20121026609481898,0.07199109097597932,,0.5600930699256687,2.167267465392482,5383975.926019853,73814.75476919606,0.21773417355365826,FBgn0263256,FBtr0308298
234,0.02721138084406329,0.13387382831245842,0.6322817161688256,47.140387287182776,1.3790739827382348,0.12371575182765362,,0.1021982177426477,0.1982102473592469,0.0003244335629038451,0.7199099926448509,0.07306667384321264,,0.17536706904385274,2.0169500514108747,6849525.966720646,2.6417817078470853,0.2094742574860394,FBgn0263256,FBtr0330321
235,0.004805631293152395,0.43152088636132624,0.6613277192763871,46.27574649580248,55.457673838078186,0.12445038112288752,,0.3377279701736554,0.21409242711622772,0.0027698324158333225,0.8834760518676965,0.0702460189421211,,0.5513617224842754,2.042829623515241,773131.5084272013,3481.1963278787744,0.2204807844611543,FBgn0263256,FBtr0339672
236,0.06762992183302682,0.4549170036310658,0.8274157726276349,43.42931684593287,2.4273321696082037,0.11810807932618538,0.04091441680776699,,0.2161470693395658,,1.1013745186899793,0.0695635817350405,0.11178960092798022,,3.167365918422224,,5.3496257282427315,0.20052904198137145,FBgn0263256,FBtr0344862
237,0.008313341948150175,0.06947365288558187,3.594205813290832,18.73216189813983,4.070724615033752,0.09349523595105416,,0.059567067889814924,0.5182789990855909,0.3971784416472656,1.4344730162263646,0.05052222244819043,,0.08102779969284997,24.92540784227341,883.4666048912864,11.55183729773747,0.17302008347925288,FBgn0264089,FBtr0330730
238,0.09741082942130808,0.05723619966271101,121.20233180945615,15.678557454209715,8.180374462595623,6.278138584252631,,0.033828560020515215,2.2985229381064945e-05,0.2323903573232758,1.6779465735782932,1.5134084954677052,,0.09684073309189073,639106314.4295187,1057.7769520058066,39.88120206090947,26.04387658792729,FBgn0264270,FBtr0331254
239,0.030265669034050424,0.05739061944153425,121.60570195352192,12.484181508960948,8.125751658751824,6.2836276197602166,,0.04642032863571406,3.286205850606801e-05,2.6388152786695835,1.9069127728622324,1.4395303628596399,,0.07095346579147165,450000621.381591,59.062409259377965,34.62551667772499,27.428373226791944,FBgn0264270,FBtr0331259
240,0.11329695341542335,0.3621061039105259,121.08339412355268,14.764858901706347,60.32371348940194,6.251472335599308,0.07865465893546562,,0.0002978551923247431,,0.4886115993222704,1.5134025463759009,0.16319693997717824,,49222537.36135952,,7447.531770017058,25.823206427364163,FBgn0264270,FBtr0336729
241,0.04258050008441694,1.3319412491835425,0.09377033316986524,61.46638307423459,5.25420574779136,0.009302688296081095,0.028666399500195183,,0.027288846207327244,0.0018638102670967293,1.5338841487743775,0.005620072593297401,0.06324822855506099,,0.32221499274771764,2027092.733056864,17.997889907254326,0.01539837930870384,FBgn0264598,FBtr0333527
242,0.04550167369538317,0.8716256737347703,3.4783743445041817,68.02116951232226,42.325667274092986,0.05204376206078695,,0.43897983959000464,0.2762886045658583,0.0065785687221895615,0.8012180419058516,0.03071548879820585,,1.7306747294435223,43.79148426883767,703326.1636710699,2235.9233273577915,0.08818199792405773,FBgn0264707,FBtr0333956
243,0.018576698987338575,0.3101674432531601,6.017004695274076,54.90622483915953,13.869498915528329,0.24249489834947766,,0.26402301930761124,0.32273471527115805,1.9841687361179633e-08,1.5595342612149872,0.14221963427422285,,0.36437672406933547,112.1798919974623,151937356496.53482,123.34644063412699,0.41347157180941785,FBgn0264895,FBtr0334847
244,0.01010694459059466,0.21434239874963493,6.012831364412577,54.83557061630946,6.501146496305287,0.2457242194395379,,0.18818183703063496,0.3420999791666092,3.128224852740692e-05,1.6583163642708203,0.14403155871831874,,0.24413973541064066,105.68296760771172,96122879.47210155,25.48663613110207,0.4192164033804256,FBgn0264895,FBtr0334848
246,0.002796791201491885,0.501477788219976,0.10043762583543424,28.81531701935553,3.8261600083820793,0.007507243979311612,,0.4222832479908121,0.04515398599411713,,1.608103995887163,0.003574276426195295,,0.5955243862372459,0.22340700297805305,,9.103578156129137,0.0157678661202213,FBgn0265082,FBtr0336809
248,6.2172489379008585e-15,0.22740461858904865,93.74079808368744,50.98899943018656,704.016564347784,3.33093966325894,1.1221483309907641e-15,0.20448323327916687,0.002179214312068267,,0.00125477933091511,1.0456073701459454,3.4446590783324436e-14,0.2528953583447631,4032341.920986513,,395001185.20010036,10.611209673018012,FBgn0265274,FBtr0330306
249,0.03924610514032857,0.06305917700747389,111.11631583021595,52.352261273474724,8.437223553219052,3.2097241115393715,,0.05280879030494857,0.0001850432036704477,,1.702702463084065,1.265380997041794,,0.07529920268761202,66724069.83219642,,41.80809203626537,8.141681356272915,FBgn0265274,FBtr0345207
250,0.0521404382086192,0.1045831214177043,11.976705173403163,30.69490468825353,1.0897584381048335,0.3987801837864065,,0.08759281683308517,0.16541520270727936,0.005138647178365671,0.6173412960875436,0.21763879111743306,,0.12486902101016767,867.1601186769867,183351.20920300763,1.9236902843646464,0.7306860792794674,FBgn0265276,FBtr0082533
251,0.004586562636735821,0.2740631082442999,11.783988062295432,31.47777606920113,117.17363087500163,0.4010932168372196,,0.23844013424909635,0.2419127386733712,0.00047998941333614493,0.2673127558315649,0.21539265155999984,,0.3150081572343835,574.0184473700339,2064317.1676973256,51361.783053414256,0.7468953440503759,FBgn0265276,FBtr0110876
252,0.025203173004592138,0.19113392218968275,11.797213474478454,31.735543406386924,54.5218550318121,0.4020283641811125,,0.15084730416741074,0.16873661852562266,6.228101293701045e-12,0.5617414031010652,0.2246049677930307,,0.2421798414843939,824.8016759994655,161709751945953.56,5291.816945839605,0.7196047674024615,FBgn0265276,FBtr0110877
253,0.013868764305285271,0.036084663015321365,11.837207130030306,31.14366018762961,0.8291505336269349,0.3944464102792992,,0.03218739443096028,0.27794510800817906,0.00040836513713726465,0.4782313409316226,0.2130065532769477,,0.040453815164263184,504.12642137639983,2375147.831379449,1.4375691189008213,0.7304374827375958,FBgn0265276,FBtr0305186
254,0.04526018985686788,0.09297971160096087,11.851973585502353,31.50456429002067,2.6988230918133933,0.3955455544594891,,0.07563929731689302,0.15895024978331995,8.06660181943679e-05,1.1447422385446515,0.22166654011778586,,0.1142954400168266,883.731092357089,12304283.678816125,6.362695317476133,0.7058182329616784,FBgn0265276,FBtr0307082
255,0.025203173004592138,0.19113392218968275,11.797213474478454,31.735543406386924,54.5218550318121,0.4020283641811125,,0.15084730416741074,0.16873661852562266,6.228101293701045e-12,0.5617414031010652,0.2246049677930307,,0.2421798414843939,824.8016759994655,161709751945953.56,5291.816945839605,0.7196047674024615,FBgn0265276,FBtr0330170
256,0.04841627412504677,0.08243004112454923,6.339368982128963,16.707679377279625,2.631264132070789,0.3442638300654257,,0.05667974775729804,0.3533353842791777,0.1631523253753408,1.147534687182306,0.1892164969346176,,0.11987900350032865,113.73782779656662,1710.9566138992075,6.033413203153411,0.6263596811660097,FBgn0266101,FBtr0343559
257,0.07527995939521967,0.9334877428255716,0.6069690146803776,21.623333414354974,11.354639224596026,0.05203125485249415,0.056783084827515824,,0.19354980345341047,0.01307924826072823,1.65271915556261,0.030316257642120162,0.09980212071535402,,1.9034448922638607,35748.88545791138,78.0095223600441,0.08930031910547734,FBgn0266129,FBtr0072458
258,0.07630962454120332,0.8368527638997195,0.5856444701242748,22.13967073122108,22.08681881796188,0.05457062916402235,0.05152923884805892,,0.1989137658847188,0.00014704940391144138,1.3589419973370715,0.031288119769333815,0.11300688556238545,,1.7242619879104677,3333335.6480797636,358.97600225278364,0.09517841242336353,FBgn0266129,FBtr0330231
259,0.02761785669912157,2.8215384954374843,0.1950708641285704,30.069918237820254,79.88857531606662,0.02044660044996579,0.02047663660166868,,0.06491437654586454,,0.3513232111486332,0.012174566706403891,0.03724957489312755,,0.5861974504982187,,18166.13381496948,0.034339084095751635,FBgn0266418,FBtr0344405
260,0.11031710023910506,3.4885889897322984,0.2290321640796717,29.29110577097629,10.726712811621054,0.0219633220541457,0.09546947340768144,,0.041463544194871464,0.00015242730851314055,1.6528155547978798,0.013469883774191676,0.12747386332797736,,1.265104881929167,5628708.4358808035,69.61597584738729,0.03581229977487841,FBgn0266418,FBtr0344406
261,0.014108783711902637,0.3743607638591759,1.9933754933121537,40.064851075050775,52.91383493290854,0.08113602926739563,,0.30547877544837704,0.3590210467026337,0.01752548758736665,0.9130188428584852,0.0453362467070312,,0.4587748569815416,11.067724006243674,91591.87632663127,3066.6113292264918,0.14520512224622936,FBgn0266696,FBtr0345085
263,0.0009481047225216322,0.1200400625492008,1.93384489374726,40.374918685991396,10.754470417730207,0.08685569109304354,,0.10235379394893204,0.3932232733906477,0.018016858719845437,2.532955436003682,0.04098302498576716,,0.14078243766914506,9.510515592898512,90478.26173520679,45.661535265031006,0.18407404231069088,FBgn0266696,FBtr0345113
264,0.007310475017938373,0.31619362627092845,0.4647582653668896,57.362418854830636,13.739352169574685,0.03256008692014073,,0.2690032060231017,0.16355377080812145,,1.684868855483281,0.01867291830458505,,0.3716625194637032,1.320668084627948,,112.0382737358218,0.05677523153875751,FBgn0266756,FBtr0334286
266,0.0038545984182036595,0.143935179983794,2.363114000989885,19.878559776327133,7.3530692796108,0.0897578145521837,,0.12469350840307385,0.5539074566945229,0.4668005331284744,1.8780023521630131,0.0461522339188118,,0.16614606728361542,10.081662043329622,846.5224667433157,28.789968110786976,0.17456284537291614,FBgn0267348,FBtr0076382
267,0.06426562762962093,0.17556126240107087,6.080578057565647,63.76032755828458,6.38589214670067,0.41412815922435997,,0.10944222958138623,0.2459070491985548,0.0003669886783029424,1.6416604168678923,0.2408359328311132,,0.2816258127575625,150.35530552967202,11077669.723053005,24.840471324207435,0.7121118939623649,FBgn0267790,FBtr0304684
268,0.02060898667958676,0.10439615503693547,9.961071578225079,38.31595718244427,6.803886680983143,0.1794945841415886,,0.09011678821686822,0.1368527152146236,0.0765989399967291,1.804425526709995,0.09952571684678753,,0.12093814484675408,725.0345514220447,19166.225731969567,25.655186807330036,0.3237183991928391,FBgn0267791,FBtr0086219
269,0.07047240285283983,1.0154738286678016,9.99998017095852,39.14304308783112,181.89459135442982,0.18071725084689988,0.05473663864541693,,0.10403230729923177,0.001118703966452024,0.05691254396304776,0.10309612729085203,0.09073190621048076,,961.2360430681523,1369600.777438123,581341.8283582068,0.3167793554604181,FBgn0267791,FBtr0086222
270,0.0014364557198386675,0.2410969937604408,0.581148072630433,19.655124770015053,5.101873371213265,0.06110636377221568,,0.207108509433868,0.2608018614990217,0.07941922362301045,1.8226889794422367,0.02782436965912697,,0.28066331296195657,1.2949795694741768,4864.362960266062,14.28061078410657,0.1341984648424022,FBgn0268063,FBtr0076793
271,0.0027822862078645755,0.17144294429562112,0.5805777024575388,19.617973642140218,3.6976776090869135,0.05884181551074037,,0.1460808118213666,0.2541584271642296,0.038750042279407364,1.4358490646055748,0.030785251557684367,,0.20120837762521465,1.326221885899025,9931.986320134527,9.522463076227726,0.11246811630278072,FBgn0268063,FBtr0332144
272,0.005110615653310973,0.046473316086640376,8.327598266661623,23.221373345413074,9.796510686579404,0.6567840349652839,,0.03659462823313767,0.3069763887298459,0.17268841655620168,1.7943910306159645,0.3511027164193091,,0.059018747077557235,225.90953388254246,3122.572960019973,53.484229465480595,1.2286013420360884,FBgn0278608,FBtr0089259
273,0.0722130398166737,0.9693986674285616,3.3476114329263216,40.571855527850104,17.449411219221286,0.18536368543162585,0.05792770864744121,,0.30752535871471426,0.00016936499656208448,1.8656046819619816,0.10564533265310544,0.0900212219907104,,36.440904752362535,9719100.725570146,163.20818383521328,0.325236288380268,FBgn0283521,FBtr0089344
274,0.12440995357174875,2.1330886897390697,4.028482861267134,31.080580174953408,20.687037964157287,0.22878558229315654,0.10661393908410666,,0.07116982967259962,0.4282623292511454,1.645189640282701,0.13439496963227124,0.14517648143095407,,228.02744137760783,2255.632583189952,260.1241396444409,0.3894702518140235,FBgn0283521,FBtr0089362
275,0.03216494662941135,0.05419928234952913,5.084699963983762,68.78119283736072,1.2404940494149104,0.3717777101538899,,0.0410796720489938,0.3275393139673717,6.906654355987601e-07,0.6697798956983679,0.2142767258988581,,0.07150890113486026,78.93456639013405,6849702105.084897,2.2975092213379966,0.645047497284008,FBgn0283741,FBtr0302655
276,0.023365242247840427,0.042326996881536925,5.075969482639311,68.75198808680386,0.8499933017656799,0.3752120441108253,,0.03401623735313297,0.36020443274706315,1.6226826112138746e-06,0.4859938162478703,0.2139295519974238,,0.05266821978018179,71.53011969394116,2912976224.199525,1.4866209998812685,0.6580861630912932,FBgn0283741,FBtr0332901
277,0.02860772275376712,0.5406190921354173,5.427053606515781,49.67300949396539,13.600978819899778,0.1232987302697668,,0.43215018039925457,0.23451931720559374,0.00019549080549630758,2.029998507233647,0.06883952026529967,,0.6763135040492209,125.5884214526164,12621605.737023676,91.12648319700018,0.22084083136471186,FBgn0284084,FBtr0079432
278,0.3075332399631581,0.7461427029913678,38.35147629281154,18.974138918852784,13.074929061211483,0.9320019806806628,0.2366705423968997,,0.0008802112079674937,0.4766616237507225,1.5958447502753759,0.500543423519356,0.3996132882631036,,1671003.1871037066,755.2903984152097,107.12431138819305,1.7353693029973232,FBgn0284243,FBtr0086537
0,0.07791215920362099,0.04874296776555688,8.531189836452132,23.70099890428492,0.396652187957072,0.3989276423835879,,0.03345619810838482,0.29450168771653074,,0.2248550151150024,0.20946018715141312,,0.07101455159062657,247.1333885720848,,0.6997084682797231,0.7597781040016325,FBgn0001090,FBtr0074658
1,0.2493789920738924,1.270582530239372,0.008711398696641531,25.02334919753284,0.09085638457890118,0.0005191732662473664,0.1756338343386808,,0.0035629597697612032,0.12257364092484048,0.05507755904191476,0.00030156000048781387,0.3540882764528591,,0.02129927704935438,5108.504571921953,0.14987742308018978,0.0008938217268534961,FBgn0001316,FBtr0343526
2,0.20090759812244385,0.8838444086709317,0.03986961725205603,29.136124549435905,0.143418813339862,0.002787543340449868,0.1505700527784619,,0.015037715842163204,,0.0851935158389293,0.0016377891783101153,0.2680736457117269,,0.10570663766424644,,0.2414380462792823,0.00474444328842371,FBgn0004828,FBtr0071346
3,0.17721213142523778,0.6312803564590126,0.02921811573483145,26.150343138791882,0.023908877670160675,0.003286613026275788,0.10520115523210853,,0.011274791868750524,0.004407960244942526,0.01400513884517834,0.0019804702355272247,0.2985151584598841,,0.07571743204059808,155137.61655658393,0.040816048863628995,0.005454171938923443,FBgn0010215,FBtr0339894
4,0.23635141870217746,0.8965622903945458,0.004386593119022095,25.159438752378893,0.022836435421180686,0.0003870762109112774,0.14832465754094787,,0.0017680451281364136,0.15591862010899407,0.013799878079128178,0.00022754145583032563,0.3766197343628467,,0.01088331903164372,4059.79322990552,0.03779039059297997,0.0006584645971728173,FBgn0013733,FBtr0087618
5,0.3701371518666133,0.45757467736902,0.0951681897050948,8.136767962831271,0.015310184158553296,0.0033149277220341305,,0.2434352579103308,0.045960642709442605,,0.008353683248898984,0.001824569773804354,,0.8600832400641228,0.1970595665731227,,0.028059687204408955,0.0060226503584996345,FBgn0013765,FBtr0309890
6,0.26765590589719196,0.3685750425756632,0.08317401879531873,22.921069300447183,0.02046445861273148,0.001822090442363512,0.08786481608350505,0.06563892653913783,0.0352014988192573,0.1777825371898628,0.012414443833841821,0.0010360413015809311,0.8153398271904594,2.0696188858093456,0.1965233764074705,2955.157610979687,0.03373442031857807,0.00320451856029903,FBgn0020304,FBtr0078037
7,0.15656372804554386,0.6287320101344929,0.01343438739522425,23.65738143332447,0.08832368413208742,0.00208838993429986,0.08724100527775039,,0.0054142502927527,0.0003113176077483164,0.05275567478934666,0.001219496851366906,0.2809710968079652,,0.033334765651035235,1797751.4999224513,0.14787173531216172,0.00357637046196258,FBgn0034158,FBtr0087031
8,0.24512778567139576,0.7151726222090559,0.017211965625344952,25.698289736445325,0.018965868059280244,0.0009423450034728431,0.1782406885967278,,0.006973965469364708,0.07459242534990987,0.011418831924925132,0.0005527676914654552,0.3371151210266636,,0.042479671284498526,8853.473959056475,0.03150095855749142,0.0016064869913362664,FBgn0035397,FBtr0072993
9,0.20610204380753566,0.40756092785139497,0.01818380695908676,30.337975023320368,0.06539844510677544,0.0009297541311970477,,1.3557371456625439e-05,0.007188436012514812,,0.039902933982232436,0.0005352213261966514,,12252.073378863908,0.045997604339759135,,0.1071840136940386,0.0016151126686614176,FBgn0035397,FBtr0072998
10,0.14593272628023576,0.05601837617071146,4.551716759103829,30.94182832470493,0.10855302507043983,0.3925018182234043,,0.03083406195437059,0.3759117835793597,,0.06415057440296174,0.21526429461946472,,0.10177246427821124,55.11432830818089,,0.1836890684395727,0.7156675824061538,FBgn0037085,FBtr0332718
11,0.20251926568270653,0.4914528892548763,0.07910480444029855,24.639066794797444,0.06000506176040344,0.005284179071105032,0.1359899748177941,,0.03141021934383312,0.02929167844409226,0.03574427210772164,0.003096132878554164,0.3015961509487393,,0.19922083373691715,20725.46350244844,0.10073243136743047,0.009018523929936672,FBgn0038476,FBtr0305987
12,0.3792570652151493,0.21890883446885145,1.2652844180833722,17.44686608047108,0.027325337684426583,0.05522332256725376,,0.15601407489090693,0.401838293481418,,0.01599939660608898,0.03171881166919189,,0.30715868322790674,3.9840520045375136,,0.046668889955748576,0.09614532181005428,FBgn0039350,FBtr0445401
13,0.1762059295900311,0.3617757606249921,0.0322233616440686,20.060852163160213,0.027509863619051986,0.0030473032142016225,0.03636824836370268,0.05201136027033408,0.013900554975131554,0.5102005875846719,0.01646104216694083,0.0017653655292351386,0.8537262865174164,2.5164060369796384,0.07469809928467296,788.783469296538,0.045974768101786884,0.005260132661198394,FBgn0259212,FBtr0334910
14,0.16238299416212384,0.6007476281567835,0.004068429578118619,20.981040211705942,0.043117340729471626,0.0002765927916425833,0.0654400133993661,,0.0017389071379988665,0.10976695829342648,0.026256741877016262,0.00015699089237444474,0.4029375213011764,,0.009518690716951463,4010.351158574317,0.07080486529094887,0.00048731216971597326,FBgn0261822,FBtr0079573
15,0.2994603017945478,0.8433194368108773,0.012840513961246958,16.872599366497006,0.18692292603870947,0.0008051115760127139,0.1388446141612581,,0.005688842787121405,0.5366807394521906,0.11313339295543275,0.00045187359092675186,0.6458764921679196,,0.02898283622149592,530.4543063589405,0.3088405586194787,0.0014344822597405333,FBgn0265003,FBtr0335516
16,0.0020195352390526213,0.3669995299171626,0.6669817509119339,51.859272180248915,35.743286506386525,0.04547524667837713,,0.3133254949668816,0.22044780196255048,,0.5635370095012369,0.025120364535295592,,0.4298681630540627,2.018004498521253,,2267.078308500746,0.08232356889381884,FBgn0265274,FBtr0085350
17,0.2079232862092416,0.4826899241188024,0.01641582468837579,23.721625837117553,0.008784762298816575,0.0009593416014459892,0.14503679245124354,,0.006884105992104777,,0.005252393679406666,0.0005598567541861873,0.2980767308583672,,0.03914514106966799,,0.014692738845772654,0.0016438781909539767,FBgn0266696,FBtr0345108
18,0.21668274567720627,2.3826191957100047,0.00479329084528512,19.15287383957383,0.14086820478069104,0.00038653374296337213,0.17767673813320342,,0.0018532508092987839,0.4165327594437531,0.08204300766617481,0.0002332982062920957,0.2642518810707432,,0.012397478534590495,880.6812141366928,0.2418713267909125,0.0006404178447142061,FBgn0266756,FBtr0334288
