,D,S,variance,lengthscale,variance_m,variancve_p,D_95_l,S_95_l,variance_95_l,lengthscale_95_l,variance_m_95_l,variancve_p_95_l,D_95_u,S_95_u,variance_95_u,lengthscale_95_u,variance_m_95_u,variancve_p_95_u,gene_id,tr_id
0,0.0009674295586128227,11.036133276418264,0.10614048227083248,82.84612852097908,1215.4516999012794,0.029999366373263673,2.4332655131502155e-05,2.4168934133771613,0.03085256272961294,0.0009861602495294332,4.548610460856878e-08,0.01760989130837162,0.03846353576376121,50.39371493204526,0.3651496336112056,6959802.947025736,32478552461373.188,0.05110548197247916,FBgn0000071,FBtr0081619
1,0.0023038608819381033,2.295979122934505,0.09525144976248093,83.09015520843691,30.883620835302857,0.02968955996158092,,1.327982309517148,0.03157503638828972,9.36654338368317e-08,0.9035750975264419,0.01723808255684864,,3.9695710516413536,0.28734214492368043,73708876473.99454,1055.582472901032,0.051135035918603564,FBgn0000071,FBtr0081620
2,0.09874241379567651,0.2558703841283239,18.218523068364963,23.25256266075303,10.427918524057436,0.6913918154015697,0.03417609238162252,0.10696261651278134,0.4997284115148854,0.016969997159759713,0.9214713954712906,0.34773604650268275,0.28528903109588677,0.612079767758419,664.1899382634152,31861.034813508584,118.00852992160857,1.374670952902176,FBgn0000117,FBtr0332583
3,0.10855444322698918,0.3023852258285237,2.1110959412201002,30.611616054750797,0.7737164248839116,0.12697149375877015,0.05098807546160685,0.06383516740460479,0.5941283388810895,0.022545389974595233,0.403801596003058,0.07345766666825677,0.23111417792567635,1.4323895200245282,7.501285128780841,41563.75376692948,1.4825030709650986,0.21947008336299492,FBgn0000163,FBtr0343764
4,0.007450263710486049,0.1168593710287166,127.21379617172195,34.62071480692391,114.19901921913377,1.8994318714156722,,0.10604465546276523,0.009127392129249044,0.18363119253930105,0.08652065107135729,0.6561535236995615,,0.12877700000658904,1773052.9933693018,6527.180252809365,150731.8290965734,5.498471476321135,FBgn0000180,FBtr0079929
5,0.007451216633329695,0.11686093380898126,127.21640111759376,34.62147372120694,114.18829792818948,1.8997872005904635,,0.10604589859474287,0.009125708762792274,0.1837741164455581,0.08679006000690531,0.6561731646063059,,0.12877893470350685,1773452.6855928882,6522.389908936463,150235.7226472656,5.500364236463114,FBgn0000180,FBtr0329984
6,0.024629901832770824,0.32493098947788424,2.6585512244536504,26.278671739187438,18.548994782000918,0.07835121492857414,,0.26743010387849864,0.7114737822071809,0.2502044495421532,0.5082110037428784,0.043936962328229634,,0.3947952993767862,9.93416031595362,2760.017216478898,677.0125103327589,0.13972092187263815,FBgn0000395,FBtr0071610
7,0.03166163091345476,0.4323441046129156,0.5730685901528744,37.56582761693961,2.580466484002604,0.027044951361229853,,0.35685605700302997,0.21269526418653417,0.07248128283309355,0.9026194840050951,0.015940915604710233,,0.5238006224788742,1.5440287788062315,19469.73548737054,7.3772031216458585,0.04588377557906179,FBgn0000439,FBtr0081621
8,0.049258212569165315,0.6924292332537911,1.2094387405765152,27.663874919332983,35.25591152262077,0.18116428151442582,0.027219626592015683,,0.41187955531817505,3.039857322854646e-08,0.20416917356952458,0.10367679006303616,0.08914051400766834,,3.5513830398242163,25175193907.911366,6087.987111666489,0.3165655194058676,FBgn0000489,FBtr0075529
9,0.0471230932854854,2.6275683099389013,0.0838865433504737,12.909305217591909,3.495583865477526,0.0013190909479218504,0.04232181520082989,,0.03945461736874741,,1.0150552439608167,0.0007441427177813486,0.0524690614108871,,0.17835560511264711,,12.037873439190356,0.002338262388802453,FBgn0000490,FBtr0077775
10,0.03396424062276983,0.31707810629192373,3.353194708411503,39.846273085890196,8.036497179242083,0.15613177075075302,,0.24481982124037555,0.661555670877414,0.5244749813886806,2.127272233862787,0.06344154340915631,,0.41066334000366356,16.996173183136992,3027.266381003401,30.36061200060389,0.38424553577691534,FBgn0000542,FBtr0070606
11,0.03783143567687074,0.8959252883937326,3.368450735267256,39.465567789457985,42.794204381623786,0.12566593921285096,0.029348909005590663,,0.6420085844897985,0.288633914761066,0.34221601593628964,0.07147442868689037,0.04876561255140952,,17.673377942351824,5396.216318632006,5351.426711124852,0.22094514875282192,FBgn0000542,FBtr0112802
12,0.009068909208491516,0.263925947252711,8.070502683924262,25.240751184596782,91.59634657819016,0.4144262678464471,,0.21892414972056032,0.8252681036668068,0.4032063078155974,0.04406016905756486,0.21537059639460593,,0.3181782627551708,78.92345927563618,1580.0732974993375,190418.94041555966,0.7974585869951032,FBgn0000723,FBtr0082051
13,0.08582475114509754,0.20461380356512443,8.10366977515059,25.323441130147042,2.7669528785076563,0.40121674367691856,,0.13229057625841678,0.7172497660179002,0.28009765877075316,0.9555341420459375,0.21782544957682365,,0.3164761224382649,91.55731648304271,2289.475297602819,8.01230211982707,0.7390085764516549,FBgn0000723,FBtr0082052
14,0.3763907112901867,0.7280316134919823,91.70240719543858,23.023901017777927,26.3447248173305,29.2959511178511,0.3717841764705319,0.6112901576160227,42.441845561228895,21.607686110464893,,,0.38105432267304046,0.867067829638889,198.137742933593,24.53293774106154,,,FBgn0001090,FBtr0074658
15,0.0025080385673724353,0.7632948327299999,0.511282748306594,45.16714289699529,23.12264317103597,0.06301863126342046,,0.6074338978639594,0.19519244406976222,0.06302047885607438,1.7890652275705754,0.030229125458437364,,0.9591479891410367,1.3392426636274684,32371.553414195525,298.8469168008382,0.13137488518400045,FBgn0001123,FBtr0072142
16,0.1173016187934348,1.703864432761496,8.822126573998647,52.111473992156824,63.29259969968435,0.3473065831896983,0.09825696321056343,,0.6939341520958732,,0.033995846498947456,0.19881099760379134,0.140037604684296,,112.15749657598666,,117836.54738141355,0.6067162490039362,FBgn0001235,FBtr0100455
17,0.018696419017305472,0.42422183497692284,8.628325105281181,53.23717208022026,54.16218945162709,0.3644044129444042,,0.3490574981529057,0.7418135006107479,0.02003000259573556,0.11809664052784684,0.20275096698983008,,0.5155716929832395,100.35944891961549,141497.5598506608,24840.18811273657,0.654944231067547,FBgn0001235,FBtr0344145
18,0.40432693353785326,0.13838609129291787,3.1006152918264562,49.37888898855335,2.331314000600029,0.03732674599885418,0.4042495582107235,0.13773597940623672,3.0642105202382557,49.318709403816065,,,0.4044043236749961,0.1390392716985657,3.137452575275586,49.439142005512664,,,FBgn0001316,FBtr0343526
19,0.047614601928077434,0.5390047458051312,2.8941629183981252,22.542863676368892,12.407335083574546,0.19138464576067993,0.031474739293247525,0.18717901445535695,0.688307022047244,0.49835671124366165,1.1644328527534276,0.104035754552435,0.0720307893783146,1.5521297451309424,12.169248213271649,1019.7127705236966,132.20338425877227,0.35207206205708874,FBgn0001320,FBtr0078283
20,0.1391189573483154,3.2049165962671204,2.8908490845643864,22.923045446649724,49.74488924754379,0.24956313580702336,0.12154904592342017,,0.4340941374101045,0.1681968864480317,0.20847191478813135,0.14385438113228183,0.1592285990124192,,19.25160399443861,3124.1126018793666,11869.963437354481,0.4329500308827116,FBgn0001320,FBtr0344836
21,0.06515599196340836,0.3027357459662833,2.787161272509329,29.16253922343941,3.4181014451590097,0.18483643136602826,,0.20791275716416208,0.7002604841558151,0.0549252981515945,0.9516784952909672,0.1062163139545395,,0.440804754531722,11.093397578103671,15483.82480530883,12.276643369803173,0.32165027280791214,FBgn0001323,FBtr0346815
22,0.037063584280759614,0.7702800262007002,22.861244290783908,41.336972817696854,107.8212394428039,3.088016786576688,0.026971367465307615,,0.2894928546209037,0.5319805602117308,0.079736867717864,0.9508609018350699,0.05093213317804255,,1805.3519531848276,3212.0446676677807,145797.29562637347,10.028646309650703,FBgn0001325,FBtr0072449
23,0.009090547382128895,0.08670852768916841,27.74913254523654,62.17935541829208,30.268272570535373,0.863660312202812,,0.07377980558243047,0.30535038656628605,0.07603402848631512,0.43057263183028394,0.4333971570462009,,0.10190280002328536,2521.7402397031174,50849.23575935681,2127.790427621383,1.7210752833681917,FBgn0002543,FBtr0077941
24,0.009091573166643592,0.08671197222251811,27.748983189205152,62.17890747631545,30.26814605191599,0.8636710087538483,,0.07378270612917047,0.305356394255018,0.07603643597451074,0.4303931881786716,0.4333914944719839,,0.10190689012619558,2521.663480843046,50846.89314270658,2128.659771073762,1.7211404027914294,FBgn0002543,FBtr0329985
25,0.07874124950887547,2.2274906763683386,0.8555090108010486,16.966992962509792,94.3509374340324,0.05236813438725164,0.06303053883940485,,0.3068024587847328,0.1390266993324761,0.05898546137254046,0.02909982815888735,0.09836794176893196,,2.3855599803889493,2070.6731266158267,150920.2299606814,0.09424184514861773,FBgn0002590,FBtr0345132
26,0.17332211462800723,0.5849121660066448,2.776577574796106,20.12968857075638,1.9511700249073611,0.19915328387714754,0.12847500076126928,,0.6585297768401311,0.2563957358939145,0.7860748046280976,0.1144760269535208,0.23382413108480987,,11.706961932462782,1580.3865089367011,4.843132541181197,0.34646581939077226,FBgn0002873,FBtr0308326
27,0.022212039450909417,1.9654721204430772,2.776798202034929,20.015767875406326,600.1639233202636,0.21081233527518142,0.015354973068376302,,0.6774616966680911,0.39157751817811337,2.356161861388194e-06,0.1162321183380429,0.03213126420813239,,11.381615068050223,1023.1204424251866,152874359252.61603,0.3823542179186941,FBgn0002873,FBtr0308329
28,0.144009461120575,0.9578845159265033,17.09641588443757,40.74037319524507,29.935267636112158,0.7154461676704049,0.1155062684815454,,0.39214225292265176,0.04123528904014138,0.2624166807435882,0.3858137877739611,0.1795463152335482,,745.3607304880293,40251.39744921143,3414.875326928162,1.326710540303856,FBgn0002931,FBtr0330637
29,0.005977889166001633,0.1731056559003756,49.82481704057623,30.544738563229107,65.7774814567855,2.0996724811586196,,0.1530138775305635,0.1837469381310415,0.2967877670865357,0.29748448970929625,0.6574410018897157,,0.19583562346306674,13510.49665576718,3143.5967292546193,14544.21059405758,6.705734074179832,FBgn0002945,FBtr0075039
30,0.07038229535159218,2.3982154525695694,1.9489955673374668,70.79973186552502,39.88947043793357,0.5425116183087504,0.05169650550264567,,0.46297764440587125,0.0006595637887433514,0.28245633438329276,0.3050882218759006,0.09582209572570126,,8.204680652293117,7599874.519764965,5633.330388192184,0.9647008140474792,FBgn0002985,FBtr0077557
31,0.06315955898409786,0.3904080648987703,259.40890755728344,29.865050636372697,278.63882837854993,11.761794328230934,,0.2701751680352479,0.00012357458863844007,0.66613513291508,0.00013042485668113092,0.8090323125216176,,0.5641468024112322,544553553.1334195,1338.9494194818408,595282208.1299127,170.99416633734128,FBgn0003002,FBtr0078836
32,0.06406276511989084,0.19526293328855912,17.26757984030615,42.9077776569723,8.799833602592468,0.7049633039206877,,0.1355201005147203,0.4477130011894854,0.11561122239893189,0.9426573875340647,0.3712698452909213,,0.28134286332167263,665.9831471258823,15924.728977497438,82.14763121507623,1.3385769573754407,FBgn0003041,FBtr0076774
33,0.04514303945415523,0.06176310253634912,17.237030049158612,43.01767508832621,2.232352087222341,0.7140455714502822,,0.048217607805770085,0.45671434292985275,0.15034700501265247,0.8786077749108624,0.37303448417615215,,0.07911385505232553,650.5493193175919,12308.32878811966,5.671923221748776,1.3667934192030258,FBgn0003041,FBtr0306647
34,0.05488694535117642,0.4291073528784846,1.525279940649408,13.312181811096943,2.411152413872959,0.04561417363937115,0.0376503104484506,0.27051622637820116,0.5755992908361893,0.39606632251983714,0.9621330279693191,0.024729182187550783,0.08001465948355817,0.6806731069690029,4.0418376714254105,447.4356300839601,6.042465848195355,0.08413755137645224,FBgn0003254,FBtr0086512
35,0.05488694535117642,0.4291073528784846,1.525279940649408,13.312181811096943,2.411152413872959,0.04561417363937115,0.0376503104484506,0.27051622637820116,0.5755992908361893,0.39606632251983714,0.9621330279693191,0.024729182187550783,0.08001465948355817,0.6806731069690029,4.0418376714254105,447.4356300839601,6.042465848195355,0.08413755137645224,FBgn0003254,FBtr0330058
36,0.18174003939065195,1.0846760844229777,1.617701286683921,26.483095486503103,3.0464728821817197,0.03545049365179283,0.15290821251647696,,0.4784685256563991,0.23197099127269288,1.0246551033938518,0.020417245046303767,0.21600829264913785,,5.46944535034708,3023.4571258212445,9.057679009383914,0.061552746088205317,FBgn0003261,FBtr0078654
37,0.008287201282235115,0.5061903331931848,0.8198172772834924,36.03728334254314,23.3634329348601,0.04456699614653902,,0.4123648793063881,0.3126683178002306,,1.0706065797708586,0.023186262120178647,,0.6213639091893881,2.149563386725788,,509.851152435971,0.08566353365758984,FBgn0003308,FBtr0082704
38,0.01587260775944652,0.7946639559546606,9.983436702924525,39.529036011206344,736.1308364422847,0.4356954247466365,,0.5797130792065195,0.6631082047343163,0.20597849263246218,4.914696700984985e-08,0.2388194991904135,,1.0893161212747895,150.3057987967956,7585.960398124552,11025880971507.65,0.794870200250265,FBgn0003326,FBtr0087855
39,0.012311420093840527,0.5346635753649714,9.99608779917253,39.344048496662566,211.37270617284122,0.4441979344792281,,0.4388938030706306,0.6780150302487875,0.42464651664666997,0.005626800901471636,0.2321495821421706,,0.6513309981185826,147.37397672747923,3645.276933699003,7940288.220104794,0.8499339226670544,FBgn0003326,FBtr0087856
40,0.03048269114105951,0.9360075789300436,6.3488726925499686,13.852412939679253,102.02096183551885,0.3309113556425909,0.02145594631782765,,0.7933395250894124,1.0685730104925544,0.15967075551568097,0.16024490011811832,0.043307083520672515,,50.80823933695198,179.5753236954231,65185.867131581384,0.6833435897960052,FBgn0003463,FBtr0074063
41,0.011498170529527308,0.05065842116756579,5.83227538031442,17.551124535849926,8.15725182419063,0.3035936408635363,,0.039643448508705215,0.893683104366163,0.72307951084294,1.0378481912114181,0.15857997009919517,,0.06473391523007781,38.06207809640406,426.013969215929,64.11415261570416,0.5812152613922433,FBgn0003463,FBtr0340346
42,0.09778841503434456,1.190959992702802,0.6233639610377101,23.341415158302183,5.0475917856545385,0.03269277722170205,0.07949352438228376,,0.217606753030184,0.34141237584809486,1.0730305921543652,0.01918646887346755,0.12029374957566202,,1.785710335316312,1595.7876753554688,23.744134622903562,0.05570684681566808,FBgn0003716,FBtr0079089
43,0.0010039683443249124,0.09558724976812026,5.10981850999733,38.61102015108396,5.013076006994715,0.28040007768078506,,0.08120093994842481,0.8739609534165006,0.009997317113072474,2.0948764517589646,,,0.11252237134245453,29.875757152583066,149121.0952144381,11.996378607819507,,FBgn0003731,FBtr0071653
44,0.08196145237126093,2.377946286870414,5.507426088127941,36.065543123446666,65.76957422007169,0.6513899509342115,0.06584202625664469,,0.5836147227083914,0.48859343550484996,0.22433632168023204,0.3473263361037139,0.1020272317960223,,51.9722017556911,2662.17944464438,19281.928404154103,1.2216432330987221,FBgn0003731,FBtr0071654
45,0.10499017377460176,0.7135942183872421,28.263145559907812,38.93437862158715,40.80392766956702,0.7505423844013172,,0.36203656254717137,0.22199030499571365,0.18578398158077958,0.13525676437005343,0.3944409924368129,,1.4065339283220901,3598.379654264453,8159.400104093418,12309.628439048243,1.4281321708038601,FBgn0003866,FBtr0085906
46,0.02901332930441587,0.14948546016553055,86.10262641417877,25.788751121827165,92.36880460535458,3.3634136333534177,,0.1245477179460064,0.038360869434411145,0.24033360472279364,0.023630200464629637,0.9269180228513466,,0.17941639693942654,193261.05963514218,2767.2355066227096,361063.2113338654,12.204478702688766,FBgn0003892,FBtr0089427
47,0.05588197533783866,0.43571701783052064,2.5045697270243985,40.35866576544543,9.403308130240795,0.10072703400533431,,0.30711312878794195,0.6132334276873335,0.15914097856381001,0.7754406123679327,0.058875336656697176,,0.6181738969492606,10.229170874105364,10235.087889156319,114.02833741482948,0.17232912719757085,FBgn0003896,FBtr0342921
48,0.00013067015559841427,7.666253209357521,0.0018858265391874937,64.13759834843422,330.99708253083946,6.639714091511276e-06,1.6292424688854233e-05,1.379168634627855,0.0007691650490460788,,0.00023181153457606447,3.827756662090738e-06,0.0010480140243210527,42.61367086980118,0.004623639283030954,,472621299.2131229,1.1517399643929701e-05,FBgn0003900,FBtr0100130
49,0.2318344404561204,0.39575724766121667,2.6578382327621486,21.802086227983708,1.2870819936579472,0.12002943536215814,0.14050256458149094,,0.6857116443112182,0.33672583101131176,0.6456605060263166,0.066351955538639,0.3825354216251993,,10.301858120883965,1411.6260771109921,2.565713781370724,0.21713098335087916,FBgn0004102,FBtr0331305
50,0.05017030262613709,0.18765922949246247,4.692707449738098,49.40018561402544,4.10861253279366,0.17845325559220887,,0.13849575744268036,0.7303233447120019,0.09443383628195774,1.068564534185728,0.10197432269984602,,0.2542748389117958,30.153086805011657,25842.20269749242,15.797545589974714,0.31229003133654853,FBgn0004362,FBtr0345487
51,0.060051681433716905,0.24811072236866688,2.0541487130641856,27.000003801250276,1.6853605827422604,0.17060265997219928,,0.1762188722079799,0.6206933473988752,0.04513666131855573,0.7432955268010275,0.09643464071572078,,0.3493322240857813,6.798086290220318,16150.955431163817,3.8214144864909003,0.3018134082688101,FBgn0004368,FBtr0301796
52,0.056062627863663464,3.5199554951093948,0.08155311787796017,18.45223655573211,15.750170247968283,0.010285589416343858,0.045607424354067554,,0.029216900008462016,0.16178057246112565,0.7571765107527724,0.0061305510116283195,0.06891461834325886,,0.2276391757404167,2104.6101440301913,327.62223777037184,0.01725674404159395,FBgn0004394,FBtr0080393
53,0.011513035739504181,0.27730151525795144,2.033416023438695,40.6216444244645,35.012347018499,0.08984993414659477,,0.21755303093975634,0.5949303258914533,9.155733745483669e-10,0.32971820538016183,0.05040912840355727,,0.35345924638323956,6.95002514484635,1802278268043.3408,3717.9155525561177,0.16014977687211354,FBgn0004456,FBtr0340190
54,0.003323380318434043,1.614190666606462,1.7737151767282908,33.297347100257184,759.5359316582644,0.20437805338578,,1.1719176084456746,0.5548696899127654,0.35035662515934823,4.925721353282236e-07,0.1142986199826261,,2.223374313502518,5.669917793943448,3164.52792468458,1171188522662.9316,0.36544963283117526,FBgn0004512,FBtr0087801
55,0.021223329667011757,2.0368581518368276,0.015855034878804485,17.204770796499474,7.867645396247164,0.0006015425220975895,0.013132094080710996,,0.007204693871046338,0.774379084142407,1.120993987051508,0.0003367897701498609,0.03429991586918895,,0.034891438207852475,382.24707281175284,55.21871196107048,0.001074419231114162,FBgn0004595,FBtr0304605
56,0.07006148076283551,0.5495505742622013,7.333218200385242,40.63652129896932,13.259255543871467,0.44472369455688404,0.05310975809066504,,0.6714893088103143,0.21526293017652365,0.9056890321793194,0.245086038286757,0.09242390218199742,,80.0848032409289,7671.208702433983,194.1150343342986,0.8069785038873488,FBgn0004635,FBtr0072694
57,0.07210651657043401,0.4734878534317913,1.3517835933607072,36.69527593920798,6.955383160967658,0.03903099077393708,0.02847069891317527,0.16616138453060708,0.4315244778052418,6.8797811122265956e-06,0.9677124514436468,0.022501536603524396,0.18262107817508455,1.3492349499901364,4.234566003238181,195724726.45409736,49.991456494852834,0.06770285370451323,FBgn0004646,FBtr0071037
58,0.013891275753094526,1.4856966851867275,7.050088692240724,21.396640657186296,1486.3726229275853,0.3002741397183193,,0.93623947735387,0.8632335994510401,0.06552884467715347,1.186610404065852e-08,0.1436104725390502,,2.3576175687585748,57.57856343875963,6986.48409976278,186186094999553.22,0.6278411134609936,FBgn0004795,FBtr0340030
59,0.3833857020778529,0.4292146546449197,5.282624702934186,54.2833469811652,12.370390008773578,0.21523454855859755,0.38336100858783656,0.4279605862867635,5.23659248156922,54.25987238388627,,,0.3834103971584547,0.4304723978448658,5.329061570146858,54.30683173432348,,,FBgn0004828,FBtr0071346
60,0.0071334508199609415,0.3850752865461556,20.001823404115637,43.42166950915363,163.0619811069441,0.9704259122485938,,0.32612231666143876,0.5152080392320184,0.03548219747991505,0.010852390199212603,0.4666691222315751,,0.45468515563914197,776.5269736197953,53137.672322280196,2450078.664186861,2.017974634062467,FBgn0004859,FBtr0089178
61,0.04609523202219128,1.1881120853153546,0.8567863245304154,31.290912833257224,20.03707910409347,0.06833479909416815,0.03544306529115042,,0.28429522969661053,0.017443705224901643,0.7645068974371596,0.03959290744489249,0.05994883336769889,,2.58211439807036,56130.34692542062,525.1548944418778,0.11794144629918334,FBgn0004861,FBtr0070432
62,0.038588396567009055,0.9380304246503275,0.8508892261873546,31.301956854048886,18.281198591463262,0.06789381145595491,0.025325695318936157,,0.2944976955216423,0.02030809899204942,0.8270562290453315,0.03901087856931908,0.05879658310898871,,2.45846567308201,48247.37673754362,404.08645773248935,0.11816113358805631,FBgn0004861,FBtr0301515
63,0.0678464511891647,1.1421014770355522,1.9107517348775398,27.099026296693367,12.204329482638185,0.44299733795741714,0.04925199966230783,,0.5712598083219156,,1.1428539610366313,0.24260047454082864,0.09346099590929818,,6.391088851607319,,130.3278137004397,0.8089293386948037,FBgn0004956,FBtr0112847
64,0.02700876293068197,0.05005765236387592,4.915903957073511,17.407517464678808,0.6891455354789434,0.11187792337786605,,0.041371360641952966,1.0299996542303724,0.15314259417217319,0.36951550474521844,0.05911491659829076,,0.060567709674060305,23.46225225990799,1978.6896383799037,1.2852547808461214,0.21173454112097273,FBgn0005636,FBtr0072267
65,0.02700876293068197,0.05005765236387592,4.915903957073511,17.407517464678808,0.6891455354789434,0.11187792337786605,,0.041371360641952966,1.0299996542303724,0.15314259417217319,0.36951550474521844,0.05911491659829076,,0.060567709674060305,23.46225225990799,1978.6896383799037,1.2852547808461214,0.21173454112097273,FBgn0005636,FBtr0330612
66,0.08530953266181257,0.17907827719754632,37.18719789684835,27.57546187183865,8.934279548242888,1.7679619159368292,,0.12474436633853635,0.15925555074777384,0.49801821676626035,1.05838955625912,0.7193083522988183,,0.25707797718905395,8683.450472690625,1526.8640219281697,75.4177425259938,4.345409484282668,FBgn0005672,FBtr0081270
67,0.039944185348157905,0.23624491800248082,3.711713645525928,27.010086041129682,4.434455825895144,0.08870183617774371,,0.18880264725171272,0.7705434810931412,0.16727629932608334,1.1761822806765185,0.04840442396123275,,0.29560846786004263,17.879352073472504,4361.315684818422,16.718835842778365,0.16254745119175062,FBgn0008636,FBtr0071556
68,0.06924100608027507,0.8643165681670157,13.626988213394146,23.11950817509544,89.97980833753249,0.5771954723962854,,0.3505031431732809,0.49348836022154874,0.6241546494244541,0.018409491677664803,0.3086416961451957,,2.1313450237411597,376.2901473190094,856.37695521645,439793.0182006028,1.0794219235953255,FBgn0010105,FBtr0075579
69,0.34767659307524895,0.10909003044042304,6.366223909391614,59.18261738737897,2.097696012248405,0.2969581456888117,0.34764253152977553,0.10875437470420478,6.297274066964217,59.14162491357833,,,0.3477106579580265,0.10942672213288272,6.435928694468832,59.223638274042976,,,FBgn0010215,FBtr0339894
70,0.0035464353177647213,0.7360885188671461,4.757699544787523,58.41274682788939,135.32581283397107,0.3579963296114984,,0.5741065165190217,0.7859099220961157,0.005302405163325948,0.14306471535715848,0.1783989641646903,,0.9437731362000257,28.80190760042738,643490.8097137725,128005.53632988196,0.7183975120897648,FBgn0010228,FBtr0071673
71,0.0023374178333922225,0.6226727018398972,4.779984432725143,58.52655958196737,48.31967679766679,0.3983164271982572,,0.4962441610071229,0.7306142874819614,0.06461380707949471,2.0023781700662022,0.13487618329580317,,0.7813115479882339,31.272658595057678,53012.789856003066,1166.0090989474709,1.1763083169993682,FBgn0010228,FBtr0071674
72,0.030461313542699316,0.3612558544830378,4.796575280742727,58.2477123254708,16.340970844489586,0.3365209201603327,,0.2715281733541782,0.7430345532870626,0.022863034466798045,0.688041087058851,0.19076991880302044,,0.4806344431450195,30.963747677752526,148396.57422018322,388.09793944415816,0.5936278131065807,FBgn0010228,FBtr0342960
73,0.45680425350729753,1.6308429010401901,25.048838858045936,10.600529201992423,5.544421192548078,0.6237799676261854,0.35405177212139005,,0.26117131954474404,,0.7990605348232865,0.2891819797822917,0.5893774370117114,,2402.4243137802036,,38.47093558083755,1.345524532008034,FBgn0010280,FBtr0114589
74,0.010956494598817831,0.056276854050390394,4.055564412903386,23.426581209669422,3.087708486794203,0.17474276891256507,,0.046162934377380206,0.8173521416324483,0.4711059496966675,1.0185472410387757,0.09534909207118102,,0.06860665043340075,20.123031273104118,1164.9284147793019,9.360335304327817,0.3202446360415763,FBgn0010300,FBtr0081160
75,0.08563343925406595,6.551522271229036,0.9401441877947186,25.48323205584732,160.40504709261344,0.04725961890889288,0.07694280129365935,,0.27744924230601886,0.10854541650882114,0.09389201328134177,0.02358555169410106,0.09530567896134168,,3.1857037579122514,5982.704170280558,274035.8656032415,0.09469660105395773,FBgn0010382,FBtr0080777
76,0.0047640613623243944,3.7516069328462436,0.0811478872485385,16.75090395378979,50.98202314489489,0.03867305261290047,,1.6162856028898618,0.036642092329519566,0.22831013894718802,0.17420517661767207,0.022915737210719375,,8.7079625985749,0.1797107966893182,1228.9983465604928,14920.14608527384,0.06526541060614728,FBgn0010452,FBtr0075890
77,0.0047640613623243944,3.7516069328462436,0.0811478872485385,16.75090395378979,50.98202314489489,0.03867305261290047,,1.6162856028898618,0.036642092329519566,0.22831013894718802,0.17420517661767207,0.022915737210719375,,8.7079625985749,0.1797107966893182,1228.9983465604928,14920.14608527384,0.06526541060614728,FBgn0010452,FBtr0330075
78,0.21805902927596174,0.5732099487753474,3.582422486094545,18.611989222933698,0.8696332006765146,0.2236016354345598,0.16589518426792538,,0.6887268378653058,0.5528237537604206,0.43422780255792753,0.12864800076329408,0.28662519927028485,,18.634021738798154,626.6122620062442,1.7416247860315002,0.38863947416488076,FBgn0010473,FBtr0089268
79,0.021036060522075788,0.06936377074916038,3.68519286623673,17.350156648607015,1.041022114541389,0.2560804650218316,,0.05735088574093026,0.8903945193247326,1.076072076073641,0.5739479733596751,0.12294415636373575,,0.08389290994172595,15.252392244801246,279.74700061875905,1.8881973510952483,0.533390170833207,FBgn0010473,FBtr0301864
80,0.06841987078994524,0.566189450411377,10.626856376260646,44.59173568238622,63.62908872679321,0.8613175211377961,,0.2840070023841543,0.6079824667625633,0.07969370546588044,0.04668275672687235,0.44404343421664266,,1.1287415136459427,185.74561375595454,24950.814867293473,86727.11759268411,1.6707101491720533,FBgn0010651,FBtr0086635
81,0.0458235185027242,0.5075024940218698,10.640605010879407,44.35453898021207,93.84721985995348,0.8678433122417384,,0.3151344766343059,0.6231855180089867,0.0828550667118525,0.017743135189820815,0.4416556252726074,,0.81729801254751,181.68341806030094,23744.174088821586,496377.92764466844,1.705292475642841,FBgn0010651,FBtr0345426
82,0.02999478761059689,0.3947637933976444,1.866550654597541,12.59266980868826,5.137945366401467,0.025645473897116435,,0.32372271431083544,0.6002444350646772,2.3905810665667455,1.413718724702415,0.013596845084426911,,0.4813948656938033,5.804320944355114,66.33338443460035,18.673079819101304,0.048370804206702575,FBgn0011723,FBtr0332070
83,0.031439860913248754,0.291514060968053,1.3737840677575286,16.750428856919903,6.374545126363169,0.025217838950464675,,0.23216929848719697,0.4800322874772121,2.008610562325582,1.2900064942626037,0.013500847695652364,,0.3660279300312913,3.9315744254265694,139.68704145709626,31.49970620207474,0.04710366457480762,FBgn0011723,FBtr0332071
84,0.032816592385269745,0.42930093857600504,3.117752509001172,36.726519199689086,21.52637959159788,0.11107237569764689,,0.33561432828286847,0.7075251733190009,0.16845120995460117,0.3712312117600898,0.06409701396507893,,0.5491401299973833,13.7385651761121,8007.287171689966,1248.2383044371463,0.19247499813081234,FBgn0011766,FBtr0084118
85,0.0015859293303830343,0.20568293772350507,46.60312491740998,23.76642687769408,235.19217744895826,1.3348088179032904,,0.1805219552533169,0.18222067091222025,0.4863297033877269,0.03912662476258805,0.3696554339396283,,0.23435083456306594,11918.797363631418,1161.4405671669572,1413752.4171538942,4.819933421142045,FBgn0013272,FBtr0071813
86,0.01976277397070769,0.08620861462739397,46.60366268806669,23.78501191222648,15.688467427043511,1.2756046775658936,,0.07576319206507105,0.18830804633494846,0.2612845333561554,0.6073657455761166,0.5698649066009707,,0.09809414088032928,11533.768302602863,2165.175199611286,405.2385436652188,2.855356198600519,FBgn0013272,FBtr0071815
87,0.05618975790207636,0.08589751062356113,46.62755913109632,23.80879073684471,4.588992232641266,1.2733817819738582,,0.07058318608634098,0.1317116651912998,0.381828398985382,1.0788311501206034,0.5722512564197444,,0.10453456043057026,16506.732849866785,1484.589721081915,19.52006086298833,2.833547579795182,FBgn0013272,FBtr0071816
88,0.08249365568017686,0.10309723686531179,46.62002195373929,23.95808250472617,4.531353685668007,1.2601232136308624,,0.0787922927007418,0.12148490600262427,0.3396715549535794,0.9850461582022375,0.58277870337321,,0.13489949187837424,17890.506059412714,1689.8374589585799,20.84487722087173,2.724722959744941,FBgn0013272,FBtr0342985
89,0.043991536106683646,0.050360726060053804,46.61477853983439,23.83345366474845,2.7676099895007362,1.273281478052219,,0.042162614518101584,0.14321449887664575,0.34863887756420536,0.9421249800351962,0.5730826680088011,,0.0601528808942083,15172.608886404794,1629.2890728605055,8.130200574554465,2.8289910214593075,FBgn0013272,FBtr0342986
90,0.04934014713447153,0.46137918514068255,4.3157558270165834,29.89073581743776,7.83202196430903,0.16885631764015674,0.039207216171094676,0.053987203672134755,0.7654747795545659,0.12953711263261497,1.6726449367280398,0.08401097612416387,0.06209188912132164,3.9429853373004473,24.332282206953995,6897.298153015196,36.67279689938918,0.339389652666975,FBgn0013725,FBtr0087516
91,0.49974009641496053,0.956391258501089,2.3522371049503588,72.01942133318731,0.5506623925494938,0.025583833569887304,0.4997398107789514,0.9561389991861065,2.3511010025891412,72.01911141115578,,,0.4997403820511329,0.9566435843699532,2.353373756300571,72.01973125655255,,,FBgn0013733,FBtr0087618
92,0.009807272785705205,0.15217487975694777,6.938561913284884,37.98968970893691,37.02575750688838,0.34509636131154114,,0.12515226766821033,0.8024413246108858,0.1094318721046609,0.26584513308885394,0.1877924742654593,,0.18503215691171707,59.99646322780431,13188.264958137708,5156.786972288488,0.6341654480898985,FBgn0013765,FBtr0087704
93,0.19838595175311494,0.17820279992617827,6.5470376290429115,37.28069400601655,0.8711608070468593,0.3750079775078464,0.17231717087037693,,0.9052415876744759,11.932545272842118,0.49224314530822744,0.2231998520937753,0.2283985145194553,,47.35056619108575,116.4755811765884,1.5417607313948924,0.6300675465297382,FBgn0013765,FBtr0309888
94,0.2006513937465453,0.2273821189589804,5.9121258273318835,37.28373777619626,2.18150218552307,0.45778396202534694,,,0.43269007365027257,,1.133593704636257,0.250224231731217,,,80.78121946115203,,4.1981106334468965,0.8375134352005273,FBgn0013765,FBtr0309890
95,0.026990903906183913,0.13138144890891948,6.945330898342048,37.97967922764843,5.834140419579385,0.3384718094218722,,0.10620474560792366,0.7922511558423035,0.09381104330479502,1.0181422660961192,0.18789403907696875,,0.16252649557798307,60.886779314546544,15376.185824396865,33.430686033573025,0.6097221941478762,FBgn0013765,FBtr0309892
96,0.08455466533351,0.05690482662705688,40.31228311431167,38.69831182703339,2.3150946686778173,1.8700854317368882,,0.03700925132180593,0.15006776687468001,0.1065496136198035,0.8955236251553361,0.7879374849624678,,0.08749594163088274,10828.975493754797,14055.04241062751,5.984949111767737,4.438447959054934,FBgn0014163,FBtr0075413
97,0.04450352521455067,0.023717033690593987,40.271423161096116,38.95657879113496,1.9877280785007618,1.8918468555278736,,0.016744911720415336,0.16075155377871972,0.09963351844819814,0.8257308104368342,0.7927294551808213,,0.033592156021639404,10088.78287828258,15231.972680950244,4.784928531333487,4.514887773350513,FBgn0014163,FBtr0331176
98,0.18192083480713778,0.557337726451124,0.7249414400173172,17.63579083056243,0.41913528263104904,0.047780219541951566,0.12900709920739575,,0.2905805691120963,,0.2285474496502711,0.02766660523931241,0.2565377435835611,,1.808586489661825,,0.7686560730169187,0.08251642584010166,FBgn0015371,FBtr0305217
99,0.010334325091337441,0.13810102311600145,1.6564440954634239,27.801765636912226,12.330838598820971,0.12231227676198077,,0.10968185291299887,0.5371152235974892,0.390816041996321,0.8196463350566601,0.06800540541000225,,0.17388375632944902,5.108414211420365,1977.7544662229338,185.50632638363757,0.21998682246660087,FBgn0015773,FBtr0073942
100,0.003793301973048856,0.30644506252172604,1.657148688027933,27.75111466716352,41.256026602369836,0.12188656255277275,,0.25417465065708555,0.555092301780369,0.47006625386513917,0.31920613922065433,0.06668676732599832,,0.3694647601606794,4.947180433641203,1638.331530795242,5332.164773431511,0.22277784224126176,FBgn0015773,FBtr0308337
101,0.04222797735862256,0.9146310288355886,4.905701334223754,62.5199739853622,23.172286844267045,0.07873894461512831,,0.6045664555253887,0.6702901190103004,0.07602699412115078,0.38029273945945274,0.046798733248927894,,1.383718714896044,35.90371526905187,51412.62248118986,1411.951430774666,0.13247840205688205,FBgn0015903,FBtr0072070
102,0.062484500769144746,0.2628762935700411,1.770676458666689,30.900182436875962,1.782611953654484,0.07552404777463545,,0.18245273595517328,0.5318879740402435,0.037419639481005997,0.7632263176274522,0.04322208711614643,,0.37874984641557,5.894653149347546,25516.581342716563,4.163516513935209,0.13196682929581677,FBgn0016059,FBtr0086891
103,0.02683128096977267,0.09839994152352945,8.77544057066469,23.771636339266717,2.698642715072156,0.5004904846457918,,0.08223417906285034,0.8455614085387966,0.3673867785900174,0.9080393735793817,0.2671062894169271,,0.11774360250418246,91.07364223533445,1538.1356302888482,8.020216650853587,0.9377941858568061,FBgn0016977,FBtr0306341
104,0.1387956110069549,0.818925353631909,8.807870206681336,23.82847157270656,6.768840164155461,0.48774759084713964,0.11021539266874544,,0.5570832449480465,0.3716186075772726,0.9824328744582947,0.2727998519518906,0.17478703444529697,,139.25850091754185,1527.8999649478528,46.63646581772555,0.8720595362315042,FBgn0016977,FBtr0330652
105,0.06891216328003659,0.813438386163119,0.11846405881863034,22.26855310874557,2.4543777313025585,0.01445145262877395,0.022836604109131117,0.15788840677604926,0.0481805079258707,0.28446200110098613,0.9271110751400086,0.008387201851786355,0.2079506315930573,4.190820729619477,0.29127408231926183,1743.2502606243638,6.497571013272793,0.024900376403510137,FBgn0019650,FBtr0089185
106,0.0026163116794314686,0.2093605258928019,7.6172812633954825,24.20587606389747,21.83128686316006,0.2704420728445287,,0.1878989741127078,0.9929594611783584,0.2747494795317311,1.0204548375257292,0.13312795426272256,,0.23327338538750536,58.43438339045506,2132.5770553574257,467.05162107634,0.5493881068742986,FBgn0019968,FBtr0087357
107,0.1833015543947942,0.257874489176402,16.099236183107088,41.78837225435244,1.9726197298488037,0.18659679665167342,0.1290047977845289,0.20103190096363174,1.3331537311007855,5.449587773596428,0.9659625091213572,,0.2604512422837747,0.3307895505600403,194.41524231826963,320.4403944329705,4.028343296809979,,FBgn0020304,FBtr0078037
108,0.08875813187856733,1.2723670809035235,6.382858788986441,40.25395760984009,40.08802660746161,0.3783969631082921,0.04566304057812189,,0.6316636151808643,0.31597976409690604,0.15663219473670958,0.21549722944692096,0.17252477878898995,,64.49775694057685,5128.116694073668,10260.022723820703,0.6644366707500795,FBgn0023214,FBtr0086652
109,0.006373435518650077,0.05252418933244679,4.389610384032984,41.23486157275979,4.417660701780152,0.30175948954261045,,0.04255347037918117,0.8250906146061254,0.01647123014907124,1.1702134080708382,0.16283461024214146,,0.0648311510306437,23.35340989523741,103229.31520816236,16.677065859487513,0.5592102894686137,FBgn0024236,FBtr0345601
110,0.002818108001996858,2.1891345066937955,0.046512178465377814,29.779883156577498,22.799832996645776,0.004381443670125547,,1.4203606027377866,0.018887717650457603,0.08512981852010819,1.19139396022491,0.002384973296172758,,3.3740093038064907,0.1145391299060817,10417.518282503219,436.3228302557486,0.008049167118679831,FBgn0026059,FBtr0303845
111,0.01769511903908889,0.9855427521763427,3.7872291983513295,63.563270239593,57.514074746697396,0.18763119611469825,,0.6546949212808543,0.667838363258586,0.04332027216703042,0.2368752031524974,0.10708078807916159,,1.4835833986111666,21.476910866366666,93265.55724242325,13964.605623321107,0.32877481000052056,FBgn0026061,FBtr0075399
112,0.053051946880855225,0.4442663954234039,11.00780455061017,46.10510740557819,35.05876639904879,0.7068066110292367,,0.28855252995542996,0.6142857223769292,0.06445489640643481,0.19806406332063684,0.3750622322011449,,0.6840093557072281,197.25635255784485,32979.35529173676,6205.65427577496,1.3319805155073936,FBgn0026160,FBtr0076267
113,0.3841644325722785,0.4656478159694931,1.7841877654982867,109.36011227768509,61.775992011771244,0.0215957003064319,0.3841447184293242,0.464523323577534,1.7761190870402859,109.30664581660062,,0.008480201645167218,0.38418414772695425,0.46677503047049473,1.7922930989151433,109.41360489145625,,0.054995658268456975,FBgn0026179,FBtr0111038
114,0.02081111181465655,0.983953477655723,15.568407660135135,72.16371036209655,155.56883010157998,0.10700810368442829,,0.8112028496785116,0.47799105331864206,0.034289125893590025,0.005424116977302765,0.06174422891578567,,1.1934924126246418,507.0708235841817,151873.25303611968,4461861.903134867,0.18545432431839523,FBgn0026319,FBtr0077429
115,0.009765012146582635,0.3441397745495356,4.408291000811195,75.89122554520017,29.8483514687062,0.34262272768857444,,0.28750035044747524,0.8037471136092768,0.016913592677572135,0.44475086411378195,0.19243678074755502,,0.41193753065926125,24.178039608214245,340523.63826815225,2003.1980987258696,0.610020252223797,FBgn0026376,FBtr0075794
116,0.04973938179568167,0.10057439162955037,4.4264142109574465,76.17726321951307,0.7102262474791001,0.34646045074582926,,0.0749902626362963,0.7444197607862008,0.015129889076652301,0.38114237463309203,0.19548530043396797,,0.13488695593337308,26.320019697318635,383543.81861066277,1.323445925144972,0.614035140568276,FBgn0026376,FBtr0075796
117,0.0070954834416456,0.3356191569352144,8.57893175503971,50.47320627439705,55.14096094185798,0.4316545649527773,,0.28351846992527946,0.7651528278580626,0.06925426422011856,0.3477628000423314,0.2238436822231822,,0.39729411114411733,96.18741168827165,36785.38181447844,8743.101830389565,0.832391879878014,FBgn0027660,FBtr0075233
118,0.012242047590298937,0.10131703313103864,8.591134098942055,50.375265874976144,7.642579349804381,0.43317473402605533,,0.08421864349188786,0.7426126594666689,0.0801204582853065,1.2530674732606826,0.22825323700974348,,0.12188680293176113,99.38907472842195,31673.15148071145,46.612828410641534,0.8220709272593314,FBgn0027660,FBtr0075234
119,0.03361189642902412,0.08674562947156408,8.592626508124585,50.48673812671599,2.766948591920598,0.4281084775076247,,0.06922731817768411,0.7273475178127331,0.036939781649218385,0.9311779999207617,0.2345656228890015,,0.10869703507947762,101.51025266457954,69001.78108468952,8.221848573508895,0.7813458180980963,FBgn0027660,FBtr0339898
120,0.013750610885221266,0.4287078458938675,1.2832540177555234,52.23442610367175,27.6835054479505,0.09532889895421925,,0.3352992576185335,0.40645712463463185,0.043783473148363006,0.4155084868431272,0.055283943980888775,,0.5481384552901591,4.051450384996853,62316.556321022625,1844.4303742369668,0.16438043890221102,FBgn0028371,FBtr0301377
121,0.020400717143856377,0.3460189820734612,0.21904018510620363,19.43660285943953,8.72521664529292,0.010391804309827118,,0.2555740065304676,0.09671919228200235,0.574999634706959,0.9770839491996162,0.005729105869271272,,0.468471491215133,0.4960608288732357,657.0117751606996,77.91490748533785,0.018849293289020238,FBgn0028491,FBtr0070610
122,0.02833732760104446,0.6795339975866727,1.76982306160392,56.246232505161586,44.982367828513034,0.1102827384805713,,0.4601870484891288,0.48738433744497545,0.09580331249294347,0.21069423657144185,0.06388069500918658,,1.003432094388968,6.4267015345742395,33022.22635838107,9603.553701259165,0.19039057738844328,FBgn0028789,FBtr0076522
123,0.20366420886221456,0.18853581022636484,11.617864867466512,28.19052043752609,1.1173233135650533,0.40897076028474333,,0.10755907570058114,0.6174687616677141,0.19828793864329344,0.5699149215992868,0.21915150973271877,,0.3304765451561035,218.5937045854123,4007.835514232651,2.1905223739935025,0.7632029684480423,FBgn0028953,FBtr0086922
124,0.26671078446938445,0.4048737617986633,11.571023081780693,27.37703142417864,1.1756653208159278,0.4476136342836573,,,0.22148505031721508,,0.6157564827604382,0.2506880271515686,,,604.5038930047143,,2.2447006004270733,0.7992322883273766,FBgn0028953,FBtr0345417
125,0.006146080891408193,0.678043935148473,0.22919947067296126,62.82651509882918,26.242088114358406,0.17244917792254014,,0.4505189632830674,0.08680243412956921,0.011360088392541944,0.5664692133135717,0.09948993912200693,,1.020475530355785,0.6051949796517341,347459.53227395506,1215.6833459200664,0.2989118219249345,FBgn0030360,FBtr0339626
126,0.02093630804604684,0.09691649842943424,14.757117853854675,20.13554612542825,12.675351862075722,0.6355598748404703,,0.08081484139776403,0.6735556396526666,0.47955423853161827,0.8875353287813582,0.31236736217762134,,0.11622627113245079,323.3177996473394,845.4522662768975,181.02326703775162,1.293145198305142,FBgn0031001,FBtr0074674
127,0.022034464993466892,0.2654485012912535,30.441720133802438,22.183878497248326,128.62630510866927,1.6853740974575941,,0.21791664045465844,0.35317338244994334,0.3996768155815563,0.00999204029688775,0.6787852339946178,,0.32334798614167204,2623.918932611229,1231.306010243809,1655790.5967474643,4.184660635094963,FBgn0031632,FBtr0077384
128,0.008029851538863245,0.03995895261074369,30.442854899061928,22.109179626889315,16.016573581956663,1.704472504996601,,0.03264613196724151,0.33840198265729143,0.40667810324967374,0.6493122727720583,0.6923771055135816,,0.048909864585178826,2738.6583468806107,1201.9723212733602,395.0805183629841,4.196017599591758,FBgn0031632,FBtr0336962
129,0.003017696407547831,0.1285341868942507,5.419374920165359,21.18857589637577,31.707902365249534,0.43136183984518583,,0.10537146354422117,0.9214785887190182,0.5391382588309709,0.6634528316417612,0.2082672661689474,,0.15678853310823376,31.872281011048894,832.7284164361848,1515.3919381371622,0.8934339048925741,FBgn0031879,FBtr0290119
130,0.02971597790172985,0.10254918832861086,5.422858753637189,21.242469601503647,6.340231762087145,0.4185061142738394,,0.07778441605812486,0.8645504002149705,0.35408522678276366,0.9834881710183623,0.22165400334154187,,0.13519849553152788,34.01467057858898,1274.3895555056586,40.873433948224,0.7901836422719922,FBgn0031879,FBtr0302162
131,0.06427234066522453,0.3935360644029144,1.5765294753562737,41.2254410628329,5.245570333408586,0.12226556442135775,,0.2516006138987709,0.4642148681791979,0.08286715528024562,1.000202523555841,0.07153484800104941,,0.615541558448047,5.354083544148111,20509.175017261092,27.510436611291006,0.20897322998510998,FBgn0032629,FBtr0080971
132,0.019515471663219215,0.35278274247723895,0.349340670132315,26.981812523270115,4.831350595694228,0.03906949919791766,,0.27892202655441106,0.14628470727883244,0.20446349699425082,1.072134012705119,0.022232559654320097,,0.446202348832725,0.8342560618853839,3560.6268001048948,21.771484070000273,0.06865722126959335,FBgn0032681,FBtr0081085
133,0.049074881573166654,2.212328975347139,0.6949524935570854,71.7596118946907,32.8772520480123,0.07700625432640558,0.034491196857909204,,0.17283856008662357,0.1495018522813898,0.40774565827787784,0.04570193136781161,0.06982488927078427,,2.794277897589291,34444.00066418205,2650.950856947908,0.1297530110414458,FBgn0032682,FBtr0300674
134,0.0009068670663602492,2.168729745524848,0.01261948598272225,19.191119212290584,24.734523945547142,0.002229312217153579,,1.3499132172328794,0.006031817043618458,1.0433474271489074,1.6438775345372536,0.0009649792303355262,,3.484215614071486,0.02640189934749566,352.9975222412513,372.1668201914225,0.005150196818041545,FBgn0032955,FBtr0085923
135,0.04268362078606515,0.2126251925506312,23.65289040924703,22.4731458838784,42.259647900952785,1.4200528475979763,,0.15301531254854042,0.3735660082080664,0.5057667733138087,0.3169816154879518,0.5882749691463756,,0.2954571784627854,1497.6181248274763,998.5675464780314,5634.010786282913,3.4279039492318777,FBgn0033483,FBtr0088406
136,0.044820803827141854,0.3848879381866732,0.7257552542111503,21.80383021102996,2.4194538340519918,0.06366710793940221,,0.2829919786054285,0.2914392473591126,0.18242855568902325,0.8577891066185508,0.03681634884644965,,0.5234732294943808,1.8073087059755684,2605.990109804,6.824237810835226,0.11010056022321689,FBgn0033649,FBtr0113070
137,0.013036405794416174,0.6791249558709231,1.7118665544898655,66.93490074140529,28.78953079989164,0.033481759514656734,,0.5463650095925885,0.48285087271530347,0.006556667488906464,0.506263580823275,0.01943448796227444,,0.8441439286725136,6.0691349358062885,683316.783235108,1637.1651350667419,0.05768241604169908,FBgn0033652,FBtr0088030
138,0.030106092343511172,0.49733238128622775,2.23727240474366,23.375669292246446,16.53282930638411,0.20554810266014067,,0.36802397431912554,0.6830167017761251,0.10092805246327877,1.1251732502752723,0.10771880295177165,,0.6720744156231346,7.328353464873415,5413.974623747756,242.92654025250093,0.39222513943178605,FBgn0033987,FBtr0087409
139,0.043021901368618234,0.15197778673400797,2.238167706809093,23.334748048349134,3.632615751474193,0.20285707249436805,,0.10724529485406982,0.6606599019536099,0.15072566365662596,1.143374122776005,0.10994904640240782,,0.21536840093541038,7.5824106609013215,3612.5929272429967,11.54118930540427,0.3742732948349074,FBgn0033987,FBtr0087411
140,0.010611377594096659,0.742921410440599,0.17870848430912356,22.459217120078655,11.707443340405856,0.011827844871557403,,0.6108192111738359,0.08216793969141663,0.2149550060736985,0.946182414105427,0.0065234619868278125,,0.9035934233803462,0.3886761976021703,2346.6140326775744,144.8602590002706,0.021445348281036804,FBgn0034013,FBtr0087382
141,0.370034726578592,0.2683574770175794,3.7455438176507845,54.216488083523444,6.273279699334958,0.1572555487019119,0.36997996598496313,0.2669795848982063,3.694870338615369,54.16249880279131,,,0.37008949527731544,0.2697424804922771,3.796912260579985,54.270531180872204,,,FBgn0034158,FBtr0087031
142,0.025492837371941995,5.45354592999414,0.021660818672239367,79.20415935073319,124.5886405773251,0.007496049960143242,0.017517449466785698,,0.001356336378533741,0.12302732192193644,0.1566109302310334,0.0042352054052230805,0.037099279692772005,,0.3459252977191762,50991.10311802839,99113.95927479175,0.013267541861291086,FBgn0034504,FBtr0345355
143,0.08405615844519104,1.1376594373209663,3.3030001519751546,29.82563056360885,42.74860706024755,0.25651428500054413,0.06351586311865365,,0.6470362008945268,0.23921846155620582,0.21242859715507786,0.1458572776452823,0.11123894765255972,,16.86120496637606,3718.6437565474816,8602.624270297141,0.45112303939582443,FBgn0034602,FBtr0071583
144,0.004948472798618938,0.1322210127193785,15.418675577964487,25.42916389683292,27.189141306514443,0.4461355797882546,,0.11695179985023364,0.6326269077679342,0.6040498646121126,0.9546368768684361,0.20786487372087087,,0.1494837721773046,375.79109212617743,1070.5115825284206,774.3775909962987,0.957530495605894,FBgn0034606,FBtr0071622
145,0.29883387073901035,0.27452228203365914,2.8605592057503997,125.44550890497973,0.996993534355615,0.11527158578510763,0.29883308159193855,0.27437810253793565,2.8570870558064803,125.4420589504626,,,0.2988346598881661,0.2746665372924511,2.8640355753155617,125.44895895437882,,,FBgn0034644,FBtr0071662
146,0.03522252289035273,0.26883264673030816,14.546576013629604,115.11235957672916,9.181178139982528,0.4036639750046802,,0.2083995083496701,0.49079268806282567,0.012792831431582106,0.9792081247799564,0.22663410135715037,,0.34679060675498496,431.1451227105836,1035803.1682188311,86.08387727280677,0.7189765518111343,FBgn0035157,FBtr0072606
147,0.051986284864473944,0.37241819864675263,1.4082110709476272,40.74033901984426,6.673178641559732,0.137750479342722,0.010058464555178259,0.1358870523363565,0.4259324424021456,0.10872109212235051,1.19305879311,0.07899712113150704,0.2686865176274747,1.0206661510324353,4.655805059496153,15266.359002207206,37.32533001671042,0.24020108944934265,FBgn0035236,FBtr0072746
148,0.263758383046274,0.7629931209655482,2.6048246931622323,28.876753664627937,1.7480630255363099,0.09744807948079819,,,0.38615539008423877,,0.8222280857545156,0.05751749940040666,,,17.570936095512128,,3.7163949932980938,0.1650998095099527,FBgn0035397,FBtr0072993
149,0.21542139840236313,0.4247198508558415,2.6789144774185263,29.39536582176821,5.136310208416021,0.09190783591857851,,,0.6492731766135608,0.02990180448226786,1.244459242267969,0.05185221290260391,,,11.053256219136845,28897.504573946135,21.199314257170244,0.16290626436913663,FBgn0035397,FBtr0072998
150,0.02032741803884128,0.6140569998970397,0.1993075047624093,34.88693590993672,6.214253752100445,0.029387396022205494,,0.4519975153560693,0.0801359616828869,0.11995672521391947,1.248058758961985,0.016582122114271708,,0.834221397932934,0.4957010637971888,10146.144745228534,30.941611857772084,0.05208133428366504,FBgn0035432,FBtr0073058
151,0.046251230434560475,0.16597568702055995,11.602000891100351,29.994635279079308,5.649536622573937,0.6429409241158016,,0.1330943444945452,0.7130899392218059,0.10523104289641015,0.9704879909553813,0.3373674306286921,,0.20698046026347808,188.7650032252442,8549.550786174721,32.88785059399209,1.2252902751535637,FBgn0035625,FBtr0331806
152,0.14212821403033424,0.5852587742445606,13.827509972194497,43.69318874077171,14.191155564669922,0.5718063320789891,0.014084655575202028,0.13779453086714366,0.5084967143523944,0.12089359341858502,0.6905689883132989,0.31073816065955023,1.434215349860463,2.4857868499911517,376.0103588371159,15791.529462827712,291.6274835227548,1.052212192772334,FBgn0035656,FBtr0077070
153,0.08404428226414437,1.0229768750231287,13.818098439437255,43.61848102452256,88.20741322771788,0.5779713915296067,0.033693653027278975,,0.471834065904233,0.1458933995417058,0.021414304548702492,0.3148714735553062,0.20963714963101465,,404.675834747237,13040.835931325022,363334.1316609233,1.0609120148446693,FBgn0035656,FBtr0332041
154,0.005855218198866004,3.7171551117741197,0.02243011715374413,16.641029706043774,61.35581330769853,0.010715272957421947,,1.5495247071694076,0.010314314980210196,0.6268232723307186,0.19497259995822563,0.006037436096772758,,8.917084097503098,0.04877785451539836,441.7893876973404,19308.024960716208,0.019017522125564557,FBgn0035954,FBtr0076521
155,0.02914793804490864,0.5127364957088472,4.555606844564642,37.01540113372246,38.775472528747116,0.13837401409211306,,0.41254471503607415,0.8044580407491178,0.05851310921952857,0.14716974196847568,0.07903746730649003,,0.6372611366716939,25.79818047802511,23415.947970734433,10216.347801640404,0.24225684891590712,FBgn0035956,FBtr0076547
156,0.48943459324810057,0.2664960442277519,12.290194343717332,73.5877325833577,5.838197693558017,3.0145862719998586,0.4894203478198318,0.2658778896769345,12.154870015836302,73.57138447599272,,,0.4894488390910073,0.26711563596106375,12.427025283655306,73.60408432339342,,,FBgn0036007,FBtr0333864
157,0.0972077913917849,0.15890956774759338,53.32172990111671,74.05883176993771,4.139433791041947,3.2101697712937822,,0.101281997987182,0.07542718133081175,0.046951050627586324,1.0754000327321807,1.0008023762022886,,0.24932615098018537,37694.725289783615,116817.63218958443,15.93352388774495,10.296927950584147,FBgn0036007,FBtr0333865
158,0.003953103001536012,0.8056942314377397,13.462904294594018,15.713320193502215,700.1257067570419,0.4675172778578395,,0.6764929717889274,0.21354290622200917,4.849707469447331,0.0002117143680720927,0.21473592608758701,,0.9595712322856019,848.7745870469812,50.912025737433176,2315270379.2646394,1.017866032377146,FBgn0037007,FBtr0078218
159,0.0017326022966915634,0.06595080258369793,14.700763531648928,10.964568124967165,5.117353327463917,0.49736636755658725,,0.05551152033413759,1.0592335777996146e-05,4.9782012343563675,1.9251681755162704,0.18946264902024282,,0.07835325595935994,20402718.809424214,24.149637290142504,13.602606468956095,1.3056573675901897,FBgn0037007,FBtr0078219
160,0.1459395880994319,0.05602079515530953,4.55142966263751,30.941623132698695,0.10855130922959927,0.3925185370843978,,0.030835800453732912,0.3759557634296904,,0.06414972310762054,0.21527008032560946,,0.10177551559078249,55.10092938849366,,0.1836856990901072,0.7157093160453792,FBgn0037085,FBtr0332718
161,0.00392487502298915,0.05833681828296261,7.0351873084093075,20.33881203534322,12.170770460967121,0.4531963227330001,,0.047757748432668175,1.0188897652771212,0.055636663155081055,0.9939520752908788,0.22066111733622032,,0.0712593134950116,48.57626619788637,7435.15609223311,149.02896960117565,0.9307797831267505,FBgn0037213,FBtr0078961
162,0.0027887822238325697,0.41606565079390334,7.017689879242517,20.365052787944403,180.37783980409446,0.47242674111706007,,0.35365925997123066,1.107405405439302,0.4413532243480373,0.05897193477740364,0.17869757185447568,,0.4894842164874645,44.47149255306952,939.6903708325802,551722.8697888762,1.2489650721400987,FBgn0037213,FBtr0078962
163,0.2564198781099384,0.5558627009451454,1.2666529657701022,150.3481445785637,2980.191025998668,0.02520213785911246,0.25631911153913806,0.548072669572729,1.2361524967896178,149.66853540287934,,0.015281709778380021,0.25652068429503716,0.5637634559353452,1.2979059944958007,151.03083969766584,,0.041562610590098525,FBgn0037261,FBtr0078895
164,0.014344833155034832,0.5203424542263895,22.859322161013598,33.158391269665756,724.6787764700362,0.7188967968968402,,0.42933248739875957,0.4404497232024652,0.03497734197154163,2.8443194368847555e-07,0.35319963132524235,,0.6306447278443817,1186.397861398594,31434.0327085691,1846344409337.1245,1.4632308721540876,FBgn0037363,FBtr0334946
165,0.04221677094972455,0.4001639770451352,9.84193858177219,29.103208575350596,12.850264016665676,1.868658180539169,0.02618560820339106,0.13634777123349462,0.6782449761270801,0.571191462935835,2.0802963841175988,0.5657045671459734,0.06806241564367037,1.1744321676542544,142.8152930825794,1482.8596089775735,79.37776874426271,6.172627195344736,FBgn0037992,FBtr0082550
166,0.03621020582609282,0.11374917014092348,9.709687209425745,30.083752313496596,5.282612517346968,1.3306096482025702,,0.07729703588581381,0.7878512604411801,0.2398365308449236,1.414499883641232,0.5561187488975774,,0.16739158959293815,119.66475201434876,3773.537542723208,19.728524074950602,3.183712182694009,FBgn0037992,FBtr0308292
167,0.0013523085146255167,0.2941164023111236,147.37361035785162,39.15429981933462,1840.077344730483,6.8409497935301715,,0.2594214980114227,0.020121621321370457,,4.87787042179147e-10,0.3501826061726075,,0.3334513861477656,1079385.2385464045,,6941317299992707.0,133.6405442551682,FBgn0038071,FBtr0082648
168,0.019445656102594657,0.5742275167626779,4.023196297288578,24.914295561173127,38.34911969031299,0.2645884840858969,,0.46709406800397935,0.8716854908844874,0.28534972470142983,0.1784422322232511,0.14777564032333088,,0.7059332661116612,18.56874826503387,2175.30303896025,8241.630709831059,0.47373887710923474,FBgn0038385,FBtr0083201
169,0.02804956140608918,0.26570251857614513,2.121800821405992,57.91382234734389,13.364372276094771,0.20299033561917088,,0.19808949636413317,0.5715447748409213,0.06641851094412836,0.6565763455139009,0.11800107668013518,,0.35639359821447586,7.876965941946019,50498.13329451367,272.0269281011878,0.34919237615499044,FBgn0038475,FBtr0083422
170,0.22351362767635602,0.5371071465497592,14.72573645364255,36.33927171872693,5.828045276394663,0.5259375454764204,0.20929207325032628,0.4647981756409439,2.097615441437721,24.90746328745758,1.0432785636015183,,0.23870154746516098,0.6206652736470253,103.3780119169548,53.01795103768918,32.557087750802815,,FBgn0038476,FBtr0305987
171,0.11285474876386398,0.4896129455352466,2.7524026530988164,24.694952336975312,4.884834487328768,0.07063017041409635,0.07794012754849448,,0.67988874019072,0.31544486504455327,1.1200521384123503,0.03961235871856356,0.16340997531252918,,11.142588363296456,1933.2718281508526,21.304015367016596,0.12593597387540748,FBgn0038535,FBtr0089416
172,0.12067042552497688,0.35100161842614186,7.331809219111912,20.927943306618932,2.903247947405962,0.20780598937911207,0.07755827759357058,,0.7371007872190508,0.32959485415917034,0.9807531403716766,0.11507514777976338,0.18774722760973356,,72.92819022519839,1328.839954623637,8.594261182709692,0.37526199231547425,FBgn0038803,FBtr0083908
173,0.06256715684767454,0.6746071552294949,0.2262998176320469,30.325573784414175,2.8710013980155265,0.014437987874995999,0.04064438175442042,,0.08604538725491923,0.07657847000851382,0.9617276431869721,0.008429860731735428,0.09631464293526264,,0.5951697016433605,12009.125087661125,8.57066871873686,0.024728225116907414,FBgn0039026,FBtr0084312
174,0.011020096867744179,0.16962907309123537,90.67308917514994,35.21813593219739,134.55357383527428,1.3141565398352002,,0.14879345797767132,0.03156049717095876,0.0004928174409098986,0.00937312182753641,0.5780510036548767,,0.19338230879821103,260503.15544870528,2516788.1563783763,1931551.148589216,2.9876384614370983,FBgn0039286,FBtr0084803
175,0.011020096867744179,0.16962907309123537,90.67308917514994,35.21813593219739,134.55357383527428,1.3141565398352002,,0.14879345797767132,0.03156049717095876,0.0004928174409098986,0.00937312182753641,0.5780510036548767,,0.19338230879821103,260503.15544870528,2516788.1563783763,1931551.148589216,2.9876384614370983,FBgn0039286,FBtr0330288
176,0.05836794838427495,0.0558492027199522,90.695403366728,35.253325195062594,3.322412464437095,1.316201770130978,,0.046952785082027576,0.023147100474081632,0.03743929709780458,0.9876108118444902,0.5978665881886486,,0.06643127641960152,355364.4311115322,33194.98584768334,11.176897267083673,2.8976148423756523,FBgn0039286,FBtr0330289
177,0.33008841347996903,0.1775021242839729,164.7093561052049,24.47663584872348,4.346832308771562,4.856261529534375,0.3134507609531996,0.15422980777883535,1.0092093346988,18.795423300278394,,0.6922074050841616,0.34760917594323926,0.20428608826708666,26881.610242624185,31.87508431704975,,34.069667371397436,FBgn0039350,FBtr0084889
178,0.23319804869889924,0.4421006225317183,165.99916091923066,24.828654954159617,21.470922987113457,4.68979109376221,0.16351271451662158,,0.0012896618223802508,0.367331208267035,0.5138594406386116,1.0703771954783012,0.3325816593390733,,21366625.690315243,1678.218710958454,897.1335300284398,20.54802792514951,FBgn0039350,FBtr0336450
179,0.32810830268098506,0.19080044819100062,1.7950130321514952,23.583067571893213,0.026043914050064204,0.05474887750386339,,0.14500876587687153,,,0.016269605025028368,0.03272835336354818,,0.2510524850669953,,,0.04169034577076028,0.09158540775447302,FBgn0039350,FBtr0445401
180,0.006404850362244941,2.4043766647649263,0.029623089744673016,37.70994408287368,4.8407285306627985,0.004004785522821457,,1.2472873272614267,0.010543277673697985,0.001457404403735986,1.31524729006562,0.0023702960373623745,,4.634880047053048,0.08323099070131619,975734.5861506449,17.81615737554853,0.00676637298927753,FBgn0040038,FBtr0113686
181,0.05120098730020419,0.9177805523011847,6.542917365922415,20.805677330390967,23.131134534779424,0.6441771895651343,0.01490359168663797,0.40403365541169556,0.7830810745979532,0.3349738854967818,0.3614817323734621,0.35483688890368953,0.17589995456370772,2.0847796486754877,54.668372210716946,1292.2685257519972,1480.1560824470187,1.169450709699648,FBgn0041160,FBtr0075580
182,0.0559029968583223,0.3062323881328333,34.58783985215023,20.738113324774243,29.067259131705384,1.7605597341793828,,0.224257125531525,0.2276746184076635,0.6179656260180796,0.4370048823955334,0.7227966618795055,,0.41817300261594315,5254.510467635525,695.9437971370218,1933.4007180839353,4.288302286225134,FBgn0041184,FBtr0081040
183,0.0559029968583223,0.3062323881328333,34.58783985215023,20.738113324774243,29.067259131705384,1.7605597341793828,,0.224257125531525,0.2276746184076635,0.6179656260180796,0.4370048823955334,0.7227966618795055,,0.41817300261594315,5254.510467635525,695.9437971370218,1933.4007180839353,4.288302286225134,FBgn0041184,FBtr0329928
184,0.0592182532618176,0.2540741693831824,41.201329596612936,13.750969177391784,22.083328968855717,1.410065417312927,0.044179039287260524,0.16267596043838398,0.1138961199738199,2.0584226344630667,0.7148909244103913,0.6185370038793108,0.07937704341144405,0.3968237431873332,14904.36689958298,91.86119028801984,682.1647914315214,3.2144956059732106,FBgn0044028,FBtr0075435
185,0.01273488602927475,3.127375342836666,0.03417863389249255,29.036743003408635,45.938778397789314,0.003749978580811517,0.004600315161783465,0.020170159824516264,0.013706964947954856,0.22377563681802076,0.17303542349857917,0.002202561853482821,0.035253524264138414,484.89831613009136,0.08522521354600374,3767.7579929384983,12196.181094089803,0.006384537775549394,FBgn0050015,FBtr0113357
186,0.025198113328489508,0.30403285284300996,3.564476163959105,30.66657995380629,7.688803836480681,0.12596798784028587,,0.25562310886520584,0.7676716856528976,0.21013035209879194,0.9279717747843096,0.07221128002106776,,0.3616104037628394,16.550682486910684,4475.503498994996,63.706360519015675,0.21974314755119856,FBgn0050089,FBtr0340007
187,0.02114755668507556,0.5220344931611725,0.10906612297725088,21.007380252704703,3.138234677899409,0.008386442569719946,,0.4015264956263456,0.0499017105486209,0.19115803531332656,1.0192754391262655,0.004685388315723184,,0.6787099108489347,0.2383769824823682,2308.613521573276,9.662272351046413,0.015011011731768314,FBgn0050115,FBtr0340387
188,0.11378322118908099,0.4254625609229336,0.5826475403639885,20.814968922131854,0.810072197075874,0.0648959019159887,0.049765983923495856,,0.23352793002809002,0.014778518027458986,0.44582759641434444,0.035958466314870326,0.2601500141957584,,1.4536940238855849,29317.075665117285,1.471907458742094,0.11712062601924719,FBgn0051523,FBtr0078937
189,0.008637569422656805,0.4535524052253675,0.9427397311289584,57.17423783233156,6.184693411680472,0.03825636105927297,,0.38110798983402433,0.3052483040922563,0.009883479051035603,1.3512732959000344,0.02195279807067114,,0.539767703047381,2.911590953116281,330743.19830378913,28.306955160396775,0.06666800089837996,FBgn0051721,FBtr0080096
190,0.03675278581254786,0.22111191625475535,3.965904354360928,30.34097934348441,7.806134152164615,0.20397967773379222,,0.1654054297234562,0.7888179264712699,0.00962797553561787,1.3886683711398835,0.10524842017381186,,0.29557965292669447,19.93919866692054,95614.59977917054,43.88069294872174,0.39532858412191774,FBgn0052227,FBtr0074848
191,0.06359545686216914,0.2649094204574232,17.494240294648506,72.72916561959342,3.3549538888034327,0.22715873271243317,,0.20953110197500796,0.3949397507048486,0.06801672836850657,0.9833448084783998,0.1316154549049517,,0.3349240298247383,774.9243851516569,77768.0970343677,11.446356861754378,0.3920595030787474,FBgn0052982,FBtr0301040
192,0.18689259804424824,0.4393730286322486,6.320529101647177,40.181338820680004,4.417565750504234,0.355199362675409,0.16228298055830928,,1.147860742220478,14.128335603479753,1.3634601369398387,0.18805828683368161,0.2152341735625122,,34.80307902811399,114.27672973910889,14.312766931219132,0.6708908677690882,FBgn0053113,FBtr0079042
193,0.18117354943940955,0.3152241702416228,7.484696789559397,40.15672882815193,2.8065540022103295,0.3411685690846902,0.15085191105447296,0.08495826526878134,0.9800471636644006,10.674662056526227,1.0325928160085591,0.1834708647659461,0.21758991839766229,1.169589294109947,57.161214387049654,151.06453596737956,7.628123346596602,0.6344113147326222,FBgn0053113,FBtr0079043
194,0.026694539262569934,0.14962070725815557,7.4040137367391825,40.918410343883004,8.919683471416995,0.3392233589863576,,0.12178909008783084,0.8331280393701521,0.0002838757330024774,0.8910491095255414,0.18704416299827437,,0.18381249112121847,65.79951318799233,5898060.701989557,89.28885330757292,0.6152156016921462,FBgn0053113,FBtr0079044
195,0.01493515095658784,0.3289524214230573,21.303217640649176,49.511946848882246,32.94024849661515,0.3937008721880144,,0.2882900711554759,0.3883062859517679,0.08664688364888964,0.5185514856832197,0.21095648342060563,,0.3753500601889782,1168.734831918834,28292.22214961859,2092.4826193278204,0.7347504767253968,FBgn0053207,FBtr0083162
196,0.0765594668620254,3.14744367861363,0.09662748879071464,59.768164421801245,19.061324753425936,0.014938182192829557,0.06162145977095101,,0.020915214647756534,0.04488357693795381,1.037817903026528,0.008746977749186024,0.09511868086190108,,0.44641528892944937,79588.87686891921,350.09427019518375,0.025511587387647798,FBgn0053526,FBtr0091487
197,0.2064663185756088,0.7916926796687223,10.433118764988006,23.69050928389815,6.961022350475822,0.39817402959748593,0.16724427497637226,,0.4841257612149851,0.7317477041716345,1.1076322905125884,0.220069428596764,0.2548866961944567,,224.8382050382318,766.9859801826223,43.74721880074445,0.7204206366000938,FBgn0083940,FBtr0110782
198,0.010232931642938358,0.09791853468359232,7.552559930477899,30.226659836648526,9.298902850993874,0.40051208246786535,,0.08400583693340397,0.8427015159184567,0.34517048445518295,1.444254822479931,0.19387124040322917,,0.11413539564141047,67.68845246622277,2646.9556524294585,59.8714249634597,0.8274044560147887,FBgn0085412,FBtr0329899
199,0.052088095169175556,2.007042176740959,0.26162724112670027,37.81814808488753,43.07256193648172,0.03403977232842972,0.03939780984936311,,0.08108639624523559,0.00786964488180727,0.18265810874690194,0.020319615202207077,0.06886600216425355,,0.8441466937629558,181737.84790172553,10156.929820962687,0.057024017858639024,FBgn0085424,FBtr0342628
200,0.16737516767312485,0.6572639450463765,2.592155466586201,27.78638667111644,5.4052834632365325,0.24407459529531844,0.10968972655545019,,0.6145972364187657,0.35668702101522354,1.0361033190992344,0.1403661321429448,0.25539717923760924,,10.932802109729051,2164.595958774302,28.199011410695046,0.42440727801708367,FBgn0085432,FBtr0100246
201,0.17176552170655107,0.6368365346188228,2.5780281091288826,27.868581421924898,3.1654587573500588,0.2383672407986473,0.11675278813454662,,0.6153336824577099,0.3198926252600175,0.9666125591888474,0.13797763823348058,0.25269969924079055,,10.80101597057531,2427.870382567178,10.36623107079508,0.4117981885572894,FBgn0085432,FBtr0112657
202,0.12820572520299614,1.5971100851237698,0.1960113425255523,22.155967249044885,9.8129199574462,0.022776688716911565,0.09623619563458395,,0.07323479769709156,0.16048902602932033,1.108726318729494,0.013138152304515382,0.17079548777299522,,0.5246200932728898,3058.694397279647,86.85046658005734,0.03948634000298434,FBgn0086690,FBtr0333940
203,0.01657192437315082,0.8956384045308825,0.18389821685145608,22.199100970246402,57.43024978525974,0.023155154850003957,,0.5585757861876984,0.07885081843882304,0.18175731952964352,0.187178727346106,0.012710711542345203,,1.4360954618986506,0.4288928743001384,2711.3080516508285,17620.771532967374,0.042181839650869524,FBgn0086690,FBtr0333946
204,0.019152758514545593,0.13359999788602675,6.996878468610107,20.04288790454904,10.456153059451934,0.4163219144089181,,0.11092654580203241,0.9427004534005754,0.3130653730898444,0.7972466660777358,0.21858624565213827,,0.16090791709137775,51.9319876509034,1283.1740271672659,137.13589715033774,0.7929315767330442,FBgn0259211,FBtr0299706
205,0.017486089181860714,0.12620665612293824,7.003437760661451,20.011928143600983,14.793054130515165,0.4320900429247266,,0.10261408686914508,0.8803118812660078,0.6090205779400257,1.064910769084402,0.21133699045731075,,0.15522352277076096,55.716776646159545,657.5759219487107,205.49557471045497,0.8834317399461837,FBgn0259211,FBtr0300538
206,0.03290653467314054,0.09999715500660487,7.082278009354237,19.305993651973022,2.9710026762523305,0.44954575622854004,,0.07965883575923702,0.9744500731433884,0.01188807841352157,1.0188391387671665,0.232124402344934,,0.12552820932052672,51.47381398410739,31352.534692746234,8.663641360479474,0.8706167249179801,FBgn0259211,FBtr0345791
207,0.0,0.0,0.0,0.0,0.0,0.0,0.0,0.0,0.0,0.0,0.0,0.0,0.0,0.0,0.0,0.0,0.0,0.0,FBgn0259212,FBtr0334910
208,0.004460405049705114,0.1641377231385352,4.610271576932455,111.65145827268896,9.200837248392032,0.22803234268450745,,0.12972042117917804,0.6596594663849711,0.030337344083025283,1.9370266234974436,0.11099815040540902,,0.2076865917656061,32.22057000038149,410914.28769445757,43.703790667857064,0.4684650070317811,FBgn0259740,FBtr0302201
209,0.09455567387490887,0.3205380824907558,5.286467462402637,34.549960511454266,7.053038632644434,0.19839848743385657,,0.15929485125716597,0.731318762502747,0.1786097389686728,0.937250131884196,0.11298722450732453,,0.6449967561159862,38.21416824505006,6683.2848994444685,53.07585697914979,0.3483753140027832,FBgn0260400,FBtr0070091
210,0.16261829973859598,0.38281386824827157,1.162764337405003,15.019149716143742,2.357542111620997,0.04846296440630365,0.07323231323842222,,0.42764538018841447,0.6053896017656912,0.9024927827438602,0.02704178664995895,0.3611071430145308,,3.161546849273139,372.61105499338703,6.158503330263003,0.08685294908390308,FBgn0260635,FBtr0075501
211,0.2330909849207123,0.47549781789774503,1.090407011478964,15.728553823892605,0.26754622474181067,0.047689401938710047,0.15843434356051714,,0.39046106973354233,0.5616336159812466,0.1512487822078264,0.027354879403740696,0.34292695655695876,,3.0450857789583776,440.4782732936469,0.4732665038931566,0.08313979468543521,FBgn0260635,FBtr0333618
212,0.0015382939982350908,0.4617800340292496,0.21211328407728217,47.44451032003635,4.28453486934311,0.053037043425363764,,0.36115478479892765,0.09003351165723264,0.0049490838641020884,1.9549537951139466,,,0.590441574647215,0.4997255405669325,454827.92802025616,9.390114023409444,,FBgn0261554,FBtr0302702
213,0.13318258383620676,0.43375092335871646,27.569969597375888,36.859563951682176,53.36440491146983,8.514488884143491,0.010185875584197094,0.08673917574188202,0.2574305010269395,0.2642729079266282,0.10882261501835568,1.0080049310997508,1.7413918411498461,2.1690298749714287,2952.6540971952963,5141.001646242727,26168.822639255264,71.9207999102823,FBgn0261560,FBtr0077524
214,0.47124890874329284,0.41694937105814944,6.572608288491946,79.44482298302124,2.764792050290642,0.40957462189336014,0.4712459077648624,0.4165654009606831,6.552633678619928,79.44079577088789,,,0.4712519097408341,0.41733369508091883,6.592643787627596,79.44885039931214,,,FBgn0261563,FBtr0305063
215,0.06994238098391273,0.43131184710863757,3.0791649120442006,44.58204639123561,5.7614471040051125,0.3630601353034749,0.019409214567611327,0.1612225649855108,0.6921248552562413,0.00010223769753579112,1.0402805989116233,0.2067297401487102,0.2520419690687588,1.15387017613188,13.69876617428221,19440567.504314974,31.908960685201542,0.6376086079910835,FBgn0261648,FBtr0089913
216,0.03859775517890144,0.33059386368177063,3.014642952433579,45.02665512187019,7.500360670866662,0.3703795843770601,,0.23811622307868613,0.7192307513986569,0.0016925603199097184,0.9648208677338231,0.20974609787943102,,0.4589872176324803,12.635822527032202,1197830.0847629355,58.306585268223365,0.6540337956712785,FBgn0261648,FBtr0343619
217,0.14121409545965768,0.17805386402022647,2.1240414334507034,58.213140321837415,3.1257447747086027,0.02094418186439836,0.13080110782602639,0.11074085528885451,1.1399598607954364,27.787160800947596,2.088820814795391,,0.152456053988569,0.2862825865832378,3.9576411119135955,121.95451454739374,4.677414322671413,,FBgn0261822,FBtr0079573
218,0.018241243868996435,0.507545721626502,3.44469617408365,23.247511791133004,54.275953860796086,0.11646466024658926,,0.423445448354642,0.802067713493288,0.41601577887338825,0.12940827575749222,0.0639300326855606,,0.6083491050436809,14.794177015387161,1299.1016973982364,22764.225473645653,0.21216971924710232,FBgn0261873,FBtr0089974
219,0.03645245389520386,0.5233171870624814,3.453486558521462,23.241891041722084,46.034959861486314,0.11675204263364333,,0.37377791866481197,0.7465926665992989,0.45451003453739103,0.1195660361263514,0.06560913643888418,,0.7326834053045678,15.97466723616973,1188.500710980105,17724.24342318393,0.20776129970595747,FBgn0261873,FBtr0308217
220,0.02888668966796828,0.37999289136561326,0.43900046283162036,44.7182648849236,3.3714656539471233,0.035673930894816616,,0.29194635127962276,0.1569110522304235,0.07213036010527445,1.0929511181026534,0.02071530521719121,,0.4945929170051498,1.22822072522569,27723.73812358055,10.400081456046875,0.06143425511452385,FBgn0261930,FBtr0070110
221,0.005767206697242703,1.0532393407144127,0.8105340943100394,24.56452345628384,99.53665885298871,0.05195974391591644,,0.8403392636625618,0.32062199090171706,0.2155949149307087,0.029874963582448833,0.02933351980069332,,1.3200776838555237,2.049034491337748,2798.8406536780067,331633.7584236191,0.092038562237042,FBgn0262614,FBtr0305298
222,0.21489816137325207,1.3858230948784531,0.8688364679212836,24.572342254705408,2.857699326930987,0.09254331034909709,0.17012428713064012,,0.28588720912917953,0.1729774278498864,1.1050600987506447,0.05250057258170303,0.27145577236800567,,2.640470730709875,3490.628872146091,7.39004643491753,0.16312706451041697,FBgn0262614,FBtr0305303
223,0.026767409975900765,0.55186055797406,0.8127480371344711,24.54855557915547,8.58636784734341,0.05172816828363722,,0.4245924727711491,0.314077081220435,0.12163850084820083,0.9463704744757993,0.02966861806524061,,0.7172762000695904,2.1031759760984343,4954.283198334885,77.90364851643312,0.09018968757143529,FBgn0262614,FBtr0305304
224,0.017209454103910123,0.41755710142746616,7.548892178403754,64.12881765125788,16.80132608548539,0.11386421080379258,,0.3390734383893026,0.6593875008202614,0.048814278601954954,1.2971144444139298,0.06161660427427717,,0.5142069923870745,86.42228287657335,84247.99814994259,217.62502101991112,0.21041501158126927,FBgn0262624,FBtr0072836
225,0.014789123517768904,0.3538381762987314,0.292190822050302,27.79326781793353,4.449690887450814,0.013408966318769507,,0.2994816408691242,0.12344230763585713,0.2242872614079933,1.2107922378209584,0.007295551114044083,,0.4180605350066387,0.6916224925272836,3444.0909891632837,16.352722106557334,0.02464520841911116,FBgn0262719,FBtr0305700
226,0.009698306973768087,0.47016997690069734,0.2917658649420333,27.72546232970997,8.553575153080272,0.013194258714169304,,0.4022362921037608,0.12498652206229661,0.209169277109667,1.037164578695582,0.007402138161610886,,0.5495769812878489,0.6810919972870604,3675.019926531266,70.54198475560014,0.023518672472136987,FBgn0262719,FBtr0308608
227,0.03460990719061787,0.04858184627421194,234.28086083253652,18.903082747958987,33.21301431611678,7.963590466200273,,0.038545971034583605,0.0005898133212622927,0.37126994096089694,0.21720076858482662,0.9232244571605456,,0.06123067402540161,93059142.22989482,962.4440277911407,5078.731199479004,68.69269181668524,FBgn0262867,FBtr0307501
228,0.2112515970795386,0.4092932449495877,234.23536839371198,19.69417151575684,31.663133422629816,7.821782276933747,0.15576133691770244,,0.00015646787187010587,0.7522929285167287,0.2855106432754593,1.0425430099357385,0.2865103635585436,,350654783.95517486,515.5709657630035,3511.441838516675,58.68369688798351,FBgn0262867,FBtr0336524
229,0.23829206095552985,1.2037041072324604,3.3466841849630753,24.38433422565817,10.292207104998576,0.199855118033756,0.18671547573426958,,0.6786888131622484,0.5266207488370844,1.278033941085157,0.10961214808148473,0.30411569309469955,,16.502843153839347,1129.077722329829,82.88475265550476,0.3643945393223564,FBgn0263102,FBtr0088278
230,0.06624415402819173,0.37684973116933285,3.303970230647815,24.48156627617858,10.247176686348002,0.19125548264033534,0.023183255761456315,0.17029609825670944,0.7218792834312303,0.37724403282307495,1.3612861881000238,0.09970914932096066,0.18928695727916728,0.8339340791491281,15.121945643210728,1588.7516705029348,77.1363369136884,0.3668535925649315,FBgn0263102,FBtr0088281
231,0.28079493929223054,0.594206985503409,3.3169698825775082,24.43090611917608,4.560969447503882,0.24021160882427267,0.12491096038842575,,0.7167183127317801,,1.5987692557278976,0.1205989222854385,0.6312160092833078,,15.350925191224565,,13.011535108356085,0.47845881140939894,FBgn0263102,FBtr0100607
232,0.06987651211357566,0.21838774988258622,6.732501408260347,24.784496447700995,4.88005730538843,0.6314378751086953,,0.1377739188516879,0.80328111247071,0.2181816573562044,1.122646610764086,0.32951971507293276,,0.3461700857193461,56.42679070694607,2815.4120360504967,21.21322870040667,1.2099846287908351,FBgn0263144,FBtr0336519
233,0.005253984834364215,0.4038987898324865,0.7760387654973082,46.239029279912074,122.1618758380086,0.126562462211743,,0.2912100678955252,0.26894709233869857,0.061705486772860134,0.023328465354885586,0.07161776846605318,,0.5601943422047938,2.2392365736981454,34649.23365111418,639713.0578988411,0.22366037345454895,FBgn0263256,FBtr0308298
234,0.027718057315964207,0.1350481607353531,0.7620449640956805,46.48636944939746,1.474161022987897,0.12466022107101614,,0.10239835075787483,0.26749480417853483,0.054589747300728464,0.6782189803346546,0.07266158673706696,,0.17810839318229152,2.1709301198837503,39585.868252536064,3.2042021599342765,0.2138705114396722,FBgn0263256,FBtr0330321
235,0.004844334586217286,0.4312718280568383,0.7811524744728011,46.16738132485939,55.6176109693125,0.12579934364577136,,0.33728697417097286,0.28189196989010756,0.09448331132895933,0.2595963043112391,0.06993834736347976,,0.5514455164853324,2.1646561575090613,22558.76798151219,11915.880921883627,0.22627750666540034,FBgn0263256,FBtr0339672
236,0.06735740029143007,0.45219002042923134,0.8944288861197195,45.05262336383985,2.559691936345511,0.11993270054717423,0.040216006536388536,,0.2946087859180302,2.0864984447695583e-19,0.9716649448483125,0.06974141675792037,0.11281625812137079,,2.715475812550781,9.727967337105689e+21,6.743088596259973,0.20624548982803137,FBgn0263256,FBtr0344862
237,0.00846843251290301,0.06994217431056358,3.914645241090145,17.297263374133426,4.128517559149185,0.09429745818329179,,0.05977479732363767,0.7996706352176243,1.6008730560714761,1.1576872490597696,0.050416989983339176,,0.08183896836660252,19.16344891096231,186.89509396101622,14.723024072387584,0.17636932753756465,FBgn0264089,FBtr0330730
238,0.0979678604118559,0.057526191963052975,121.56180796125224,15.224689458733183,8.451085978422613,6.497944121583936,,0.033652676235094506,0.007830511805660094,0.6831284124290838,1.0317204704383114,0.9584286611334211,,0.09833579768372105,1887140.141226398,339.30834217633094,69.225004505677,44.05469026489119,FBgn0264270,FBtr0331254
239,0.029470935703725804,0.05576785902617896,121.67198615541744,13.69273182569463,8.560552482226516,6.548818698313498,,0.04558164812544617,0.00398413387318104,3.386588957812391,1.501670186606093,0.7246523338237846,,0.06823040035332921,3715756.7205903465,55.362757980378774,48.80103464435206,59.18289963557813,FBgn0264270,FBtr0331259
240,0.1133608544905032,0.362254952665029,121.51307358088705,14.784513657500819,60.64976145835259,6.452719853166398,0.07842285933460329,,0.015253577910437579,0.026223969069991197,0.06589529923967904,0.959409558904748,0.1638639988372218,,967997.615888566,8335.193025336404,55821.79013370525,43.39918558970877,FBgn0264270,FBtr0336729
241,0.042720781484334155,1.333574166921207,0.10129213153534662,60.69545955907723,5.4510268668468145,0.00932932520682986,0.028676368139661877,,0.03017298307425463,0.07226075191540302,1.0940890681016862,0.005623301267194246,0.06364352562861705,,0.3400424772626635,50981.18568431773,27.158386615306323,0.01547779581409799,FBgn0264598,FBtr0333527
242,0.04609613646541968,0.8789922827371559,3.920319356666728,66.946557189826,42.436963049990155,0.05240789328750836,,0.41819663158181625,0.677368814272867,0.10031655413972082,0.16562787027555526,0.03072563464138106,,1.8475218946385006,22.689122283779533,44676.988339614785,10873.14489952734,0.08939074199417121,FBgn0264707,FBtr0333956
243,0.01856811747823042,0.3100644922823984,6.529790871815215,53.84697336264217,13.932992502746748,0.24613766217549837,,0.26374064076936715,0.788604552458698,0.025433926558799665,0.7259640680573031,0.14085863031721216,,0.3645247433004186,54.06787051470187,114001.13677350867,267.40755999272653,0.4301032077678577,FBgn0264895,FBtr0334847
244,0.010306413187254015,0.21532681367770834,6.530423722433547,53.80657180449214,6.716145032011014,0.24973313008673284,,0.18871065094254025,0.7982292416071017,0.05199278193882821,1.1392295372396601,0.14282716067936793,,0.24569697818864608,53.4262988269652,55683.63648550746,39.593955929460016,0.43665809756537566,FBgn0264895,FBtr0334848
245,0.189952844222516,0.5601328521424513,1.6446730323400225,41.03067565242815,9.683421227555156,0.09743641387669537,0.16199132849632292,,0.5819720715074943,11.776470062094754,1.1019107965598427,0.05398431655566682,0.222740830408354,,4.647902392119675,142.95593973558684,85.09640432148485,0.17586320166452282,FBgn0265003,FBtr0335516
246,0.002888164867748155,0.5016309742510917,0.1035507136538433,28.050795563202577,3.986678207885037,0.007474596862160722,,0.42157549109953113,0.04696379137648512,0.02691331719018702,1.4159127159398128,0.003580485157835811,,0.5968886703347052,0.22831951986715357,29236.34891114355,11.224987920725088,0.015603918404619992,FBgn0265082,FBtr0336809
247,0.0018802514822263043,0.36357415567909906,111.73793995531227,50.775499998569586,3386.3781743827935,3.4813016727055404,,0.3131990112838333,0.02109385565580029,1.4206648436875329e-05,9.623639523166421e-16,0.8952008597777513,,0.42205167294726054,591895.9259600225,181474991.20290682,1.1916029390264426e+22,13.538259267748305,FBgn0265274,FBtr0085350
248,1.2531831942298601e-15,0.21734635519844342,119.68933903388633,50.76477621851181,704.0845056867387,3.251375244583478,4.668705089704646e-16,0.19558346962124382,0.021994519749913812,,0.007877080355004968,1.1272857350187417,3.363819491968612e-15,0.2415308318720863,651323.0587098735,,62933849.701451525,9.37778298145014,FBgn0265274,FBtr0330306
249,0.3981271332388137,0.2583933265517921,22.888002504071018,50.23631795876211,7.188096944071241,2.6792642932845334,0.3981199842858748,0.2581095120516232,22.726756234828972,50.23051192970222,,,0.3981342823201248,0.2586774531313953,23.050392815123335,50.242124658927516,,,FBgn0265274,FBtr0345207
250,0.05214882072301831,0.10449371434083053,12.327370052950714,30.70879884355744,1.19217333481358,0.40704008005157677,,0.08713037942951132,0.6468085050877465,0.1998051205681357,0.6120087561050844,0.21211399010142923,,0.12531721321811223,234.9444251691937,4719.750543592757,2.322315238242266,0.7810971199455913,FBgn0265276,FBtr0082533
251,0.004601017768451268,0.27418332247079313,12.245564612522859,31.04940058995703,117.47035981195796,0.4105744740381795,,0.23838271287163537,0.7327921134833757,0.16491525247465902,0.04251209405674797,0.20807862017180687,,0.3153605117398093,204.63355148113777,5845.822399864214,324596.69984571135,0.8101332015395972,FBgn0265276,FBtr0110876
252,0.025238448002829775,0.19125635546007277,12.250221449291585,31.171864917365898,54.83334029642905,0.41154266126725036,,0.1507656896569372,0.648123722243337,0.09856623108767183,0.08377199518406403,0.21926152053142967,,0.2426214716830077,231.54209668064095,9858.195364721016,35891.41217727561,0.7724445294022902,FBgn0265276,FBtr0110877
253,0.014070127485379353,0.036254692029579726,12.269034283374644,30.904391904818507,0.8779499550793461,0.4037823351763181,,0.03225199901898467,0.7671576868430338,0.15223054237840558,0.4718919034367761,0.2070714880662304,,0.040754146537892666,196.21676850566678,6273.91470912931,1.6334167168585396,0.7873617740569537,FBgn0265276,FBtr0305186
254,0.0454912671717084,0.09328847424847654,12.272597922605692,31.07797516376629,2.8134575872805896,0.4045487406065698,,0.07557098844525495,0.6372274889556233,0.13708268336779245,0.9640317736061075,0.21672785030303995,,0.11515979354846072,236.3624645521759,7045.678684946128,8.210874176706252,0.7551391447731539,FBgn0265276,FBtr0307082
255,0.025238448002829775,0.19125635546007277,12.250221449291585,31.171864917365898,54.83334029642905,0.41154266126725036,,0.1507656896569372,0.648123722243337,0.09856623108767183,0.08377199518406403,0.21926152053142967,,0.2426214716830077,231.54209668064095,9858.195364721016,35891.41217727561,0.7724445294022902,FBgn0265276,FBtr0330170
256,0.04911879594236945,0.08334757346041982,6.688881612950064,15.706501610353126,2.73772105428112,0.35312748295163254,,0.05663794915291727,0.8299472978942115,0.6327627544896742,0.9835465930719667,0.18560145547588686,,0.12265306399044051,53.90840761284621,389.8683844547475,7.62049975451006,0.6718644468386527,FBgn0266101,FBtr0343559
257,0.07516637156497108,0.9313432297880653,0.660608866763601,20.603254174070535,11.56310909012243,0.052576540047773526,0.05654780997065189,,0.23976483572134513,0.4126486553553678,0.8832660246446077,0.03036514755808536,0.09991515882181137,,1.8201337720510369,1028.7058422516511,151.37624237711387,0.09103504463817703,FBgn0266129,FBtr0072458
258,0.07607234193161704,0.833174061289724,0.642996308170721,20.81045152939557,22.290432176299916,0.05495526641814459,0.05120292631095475,,0.24171498136915184,0.32028951631789365,0.4930252053153051,0.03123128545477265,0.11302090766876235,,1.7104618422047932,1352.1357109531089,1007.78491900524,0.09670051242247964,FBgn0266129,FBtr0330231
259,0.027618148326447767,2.8199256851518304,0.2053032445918164,29.800290348251764,80.15586374162494,0.02046462401908466,0.020467764300517513,,0.07225842676827221,0.06074259715266364,0.042645415616452645,0.01214548808751452,0.03726650872965073,,0.5833149727311041,14620.008798902087,150660.09790949692,0.03448200955159812,FBgn0266418,FBtr0344405
260,0.10986785064456239,3.471930819755952,0.23706062815206552,29.43969659043989,11.108478010639587,0.021951848934918167,0.09498136255914162,,0.05659801189649379,0.11821368130307339,0.8900226544906362,0.01340233488028664,0.12708750727533213,,0.9929278350382001,7331.60261810259,138.64622781257697,0.03595520302736695,FBgn0266418,FBtr0344406
261,0.014179328516567611,0.3749952339590596,2.2973506490913707,39.38739240306851,53.98192226444276,0.08181913961015728,,0.3053502805065002,0.6053305338755903,0.179436230247917,0.2597522187695047,0.04506647675424832,,0.46052495926564685,8.718905968759968,8645.782839785825,11218.568007498592,0.14854437463686007,FBgn0266696,FBtr0345085
262,0.18812780458430695,0.43475878704339377,2.6292264184300533,38.602758486531584,1.019386759355363,0.08261508710454345,,,0.5429770463795831,,0.5413269116031203,0.04864227259380771,,,12.731351362757088,,1.9196336684456072,0.14031524954202432,FBgn0266696,FBtr0345108
263,0.0010425794357810756,0.1198612267464991,2.2687360875933216,39.485125444889775,11.879518830584718,0.08634545777125485,,0.10158512284199818,0.621981630608334,0.1751049595694177,1.8452387164465451,0.04174311183691329,,0.14142537091303356,8.27542676801247,8903.660611512323,76.47951800945485,0.1786052296928819,FBgn0266696,FBtr0345113
264,0.00734459311520534,0.3160464038739816,0.5714137248950713,56.79194948874293,14.0307199144129,0.03255897125938619,,0.26851525808736454,0.2130380198052494,2.167035536687703e-12,0.8679389313951952,0.018610441728541233,,0.3719912608064047,1.5326543369908598,1488358391972571.5,226.8144614739799,0.05696192626334993,FBgn0266756,FBtr0334286
265,0.0,0.0,0.0,0.0,0.0,0.0,0.0,0.0,0.0,0.0,0.0,0.0,0.0,0.0,0.0,0.0,0.0,0.0,FBgn0266756,FBtr0334288
266,0.00398033382349907,0.14434846527772616,2.610591525867039,18.452059198655352,7.544045120330683,0.09093545649360385,,0.12478540474907947,0.7709890908745688,1.0299330189659046,1.365559571195791,0.04615182781306803,,0.1669784977652895,8.839538970905554,330.58313735055907,41.67713952438416,0.1791750758213449,FBgn0267348,FBtr0076382
267,0.0661247597884882,0.17934576577591366,6.490074129267623,63.26624010201189,6.929505713475894,0.42734720517983643,,0.10888952564747036,0.72959070910627,0.04668960205181908,1.086500971656026,0.23832339558424942,,0.29539024539314007,57.732454207080195,85728.23414093483,44.19512792511062,0.7662933524730577,FBgn0267790,FBtr0304684
268,0.020869598379840898,0.10498262210710475,10.502508365793254,37.38211120202628,7.360332153687238,0.18183502481748345,,0.09014329527921655,0.6235657597112907,0.3696399724349208,1.2664092282007495,0.09856410806817967,,0.12226478863840962,176.89021607701352,3780.4954608005505,42.77802799144997,0.33545655612795183,FBgn0267791,FBtr0086219
269,0.0703355423367059,1.013546760902212,10.514800150669348,37.718124449485686,182.63921707597308,0.18324691632304277,0.05456576790932835,,0.576524333973274,0.15859852190355117,0.0028805732247481324,0.10203775733053218,0.09066285888286404,,191.77164898930604,8970.177621529494,11580015.855018247,0.3290883024127036,FBgn0267791,FBtr0086222
270,0.0015044586499321107,0.24104914108108336,0.6291020460619515,18.852718878747016,5.407870257931537,0.06111458535679393,,0.20659053388117113,0.29232743654441135,0.6228320222709915,1.5203557506500593,0.027862911574471842,,0.28125532822984656,1.3538564461745526,570.6594979254619,19.235669489931016,0.13404889626663682,FBgn0268063,FBtr0076793
271,0.0028958382785890073,0.1717810732513726,0.6290089447601914,18.833448917216504,3.8841591976329495,0.05899351119651655,,0.14597499842573164,0.28637423236974613,0.5253808325482175,1.1929837262656804,0.030660415649632438,,0.20214925463696257,1.381591665263694,675.1270243283011,12.646184805706893,0.11350904055128962,FBgn0268063,FBtr0332144
272,0.005414084841024104,0.04681493839015766,8.806950593857023,21.888522812773196,10.329366522999099,0.6811561226372457,,0.03662500107433352,0.8010349627917925,0.6303565847383049,1.0798650842925586,0.33621563207635824,,0.05983995610064672,96.8277071107055,760.0577871716785,98.80476211188277,1.3799883739517294,FBgn0278608,FBtr0089259
273,0.0718406287576965,0.9642725007446322,3.6079099486758914,40.40074915985967,18.06736791272065,0.18802988629992826,0.057426872469361484,,0.6897771661183095,0.07785703249191954,0.996508584436218,0.10449174666559667,0.08987214031296445,,18.87133242030487,20964.33013738744,327.57347843449605,0.33835436070478153,FBgn0283521,FBtr0089344
274,0.11641178286585328,2.002373306749396,3.9091226038323312,36.4597353233075,22.366733608338432,0.22995782381659816,0.09910376955090226,,0.6062169546868815,0.048790679542972816,0.7228786182620706,0.13141953458662428,0.13674256036291402,,25.20754230584958,27245.209787964384,692.0536306760827,0.4023800639745053,FBgn0283521,FBtr0089362
275,0.03243418450478857,0.05445613146097796,5.592545735148603,68.12482636452486,1.3378391294057062,0.3818329210696356,,0.04089782347952834,0.7723937596390044,0.01820843560919882,0.6443327340476296,0.21162623813590398,,0.07250924380315002,40.493035332583,254881.42236953374,2.7777783769041187,0.6889333803634585,FBgn0283741,FBtr0302655
276,0.023500955204109164,0.04242602154747947,5.587784155954036,68.11981360265489,0.9097686830467732,0.38552981448371365,,0.03389362873658231,0.7961512425219882,0.01984987948555727,0.480777955613028,0.2110183713940598,,0.05310636162142293,39.21783965898745,233770.13490871442,1.7215411958672422,0.7043616007171531,FBgn0283741,FBtr0332901
277,0.029536153730945376,0.5481904364690156,6.0033899272382705,48.34136201867979,13.868026565610194,0.12514763794289,,0.4357739145779867,0.7109805355192998,0.05135317817449586,1.250795517678125,0.06862096974111218,,0.6896070292025467,50.691529258451254,45506.18608025419,153.75987370140348,0.2282382680071819,FBgn0284084,FBtr0079432
278,0.3072376080080727,0.7443421535323613,38.790480186035204,18.220882622101872,13.23838675642334,0.9645814759866908,0.2355465593935855,,0.09858978157878504,1.1233340905491151,0.7747264078493307,0.47506796119853517,0.4007485739445394,,15262.244514262904,295.5492638580242,226.21519305009747,1.958493310029453,FBgn0284243,FBtr0086537
